,month,day,period,latitude,longitude,runup_ht,runup_ht_r,runup_hori,dist_from_,hour,cause_code,event_vali,eq_mag_unk,eq_mag_mb,eq_mag_ms,eq_mag_mw,eq_mag_mfa,eq_magnitu,eq_magni_1,eq_depth,max_event_,ts_mt_ii,ts_intensi,num_runup,num_slides,map_slide_,map_eq_id,gdp_per_capita,houses_damages,country_canada,country_chile,country_colombia,country_fiji,country_france,country_french polynesia,country_greece,country_india,country_indonesia,country_italy,country_japan,country_maldives,country_myanmar,country_new zealand,country_nicaragua,country_papua new guinea,country_peru,country_philippines,country_portugal,country_russia,country_samoa,country_solomon islands,country_somalia,country_tanzania,country_tonga,country_ukraine,country_united states,country_vanuatu,country_yemen
214,8,21,0.0,33.7,-118.2,0.0,0,0.0,0,0,9,0,0.0,0.0,0.0,0.0,0,0.0,0,0,12.0,0.0,3.0,9,0,0,0,76329.5822652029,1,0,0,0,0,0,0,0,0,0,0,0,0,0,0,0,0,0,0,0,0,0,0,0,0,0,0,1,0,0
437,3,28,0.0,60.063,-148.008,6.1,4,0.0,108,0,0,0,0.0,0.0,0.0,0.0,0,0.0,0,0,0.0,0.0,0.0,0,0,0,0,76329.5822652029,1,0,0,0,0,0,0,0,0,0,0,0,0,0,0,0,0,0,0,0,0,0,0,0,0,0,0,1,0,0
203,3,28,0.0,46.02,-123.9,1.4,2,0.0,2266,0,0,0,0.0,0.0,0.0,0.0,0,0.0,0,0,0.0,0.0,0.0,0,0,0,0,76329.5822652029,1,0,0,0,0,0,0,0,0,0,0,0,0,0,0,0,0,0,0,0,0,0,0,0,0,0,0,1,0,0
375,1,29,0.0,41.783,140.733,0.0,0,0.0,152,0,0,0,0.0,0.0,0.0,0.0,0,0.0,0,0,0.0,0.0,0.0,0,0,0,0,34017.2718075024,1,0,0,0,0,0,0,0,0,0,0,1,0,0,0,0,0,0,0,0,0,0,0,0,0,0,0,0,0,0
22,10,6,0.0,-13.612,-172.525,0.0,0,0.0,0,0,6,4,0.0,0.0,0.0,0.0,0,0.0,0,0,3.6,0.0,0.0,2,0,0,0,3745.56036746313,1,0,0,0,0,0,0,0,0,0,0,0,0,0,0,0,0,0,0,0,0,1,0,0,0,0,0,0,0,0
23,10,6,0.0,-13.97,-171.95,3.6,3,110.0,74,0,0,0,0.0,0.0,0.0,0.0,0,0.0,0,0,0.0,0.0,0.0,0,0,0,0,3745.56036746313,1,0,0,0,0,0,0,0,0,0,0,0,0,0,0,0,0,0,0,0,0,1,0,0,0,0,0,0,0,0
191,8,17,0.0,-8.933,-140.083,0.0,0,0.0,7431,0,0,0,0.0,0.0,0.0,0.0,0,0.0,0,0,0.0,0.0,0.0,0,0,0,0,18984.8510962405,1,0,0,0,0,0,1,0,0,0,0,0,0,0,0,0,0,0,0,0,0,0,0,0,0,0,0,0,0,0
132,10,7,0.0,-3.05,135.75,0.0,0,0.0,483,0,0,0,0.0,0.0,0.0,0.0,0,0.0,0,0,0.0,0.0,0.0,0,0,0,0,4787.99930771921,1,0,0,0,0,0,0,0,0,1,0,0,0,0,0,0,0,0,0,0,0,0,0,0,0,0,0,0,0,0
176,4,1,0.0,19.564,-155.967,4.0,3,0.0,3819,0,0,0,0.0,0.0,0.0,0.0,0,0.0,0,0,0.0,0.0,0.0,0,0,0,0,76329.5822652029,1,0,0,0,0,0,0,0,0,0,0,0,0,0,0,0,0,0,0,0,0,0,0,0,0,0,0,1,0,0
386,1,29,0.0,40.533,141.533,5.0,4,0.0,49,0,0,0,0.0,0.0,0.0,0.0,0,0.0,0,0,0.0,0.0,0.0,0,0,0,0,34017.2718075024,1,0,0,0,0,0,0,0,0,0,0,1,0,0,0,0,0,0,0,0,0,0,0,0,0,0,0,0,0,0
48,2,6,0.0,-10.791,166.062,0.0,0,0.0,104,0,0,0,0.0,0.0,0.0,0.0,0,0.0,0,0,0.0,0.0,0.0,0,0,0,0,2205.25180509148,1,0,0,0,0,0,0,0,0,0,0,0,0,0,0,0,0,0,0,0,0,0,1,0,0,0,0,0,0,0
125,11,11,0.0,-8.152,124.868,0.0,0,0.0,0,21,1,4,0.0,6.5,7.3,7.5,0,7.5,7,10,0.0,0.0,0.0,0,0,0,5810,4787.99930771921,1,0,0,0,0,0,0,0,0,1,0,0,0,0,0,0,0,0,0,0,0,0,0,0,0,0,0,0,0,0
209,8,21,0.0,33.59,-117.92,12.0,5,0.0,29,0,0,0,0.0,0.0,0.0,0.0,0,0.0,0,0,0.0,0.0,0.0,0,0,0,0,76329.5822652029,1,0,0,0,0,0,0,0,0,0,0,0,0,0,0,0,0,0,0,0,0,0,0,0,0,0,0,1,0,0
183,8,9,0.0,20.186,-155.906,0.0,0,0.0,5978,0,0,0,0.0,0.0,0.0,0.0,0,0.0,0,0,0.0,0.0,0.0,0,0,0,0,76329.5822652029,1,0,0,0,0,0,0,0,0,0,0,0,0,0,0,0,0,0,0,0,0,0,0,0,0,0,0,1,0,0
32,6,2,0.0,-8.56008,113.881167,6.25,4,300.0,242,0,0,0,0.0,0.0,0.0,0.0,0,0.0,0,0,0.0,0.0,0.0,0,0,0,0,4787.99930771921,1,0,0,0,0,0,0,0,0,1,0,0,0,0,0,0,0,0,0,0,0,0,0,0,0,0,0,0,0,0
95,9,11,0.0,44.4,34.5,0.0,0,0.0,0,22,1,4,0.0,0.0,6.8,0.0,0,6.8,6,17,1.0,0.0,2.0,1,0,0,3330,4533.9755859375,1,0,0,0,0,0,0,0,0,0,0,0,0,0,0,0,0,0,0,0,0,0,0,0,0,0,1,0,0,0
184,3,28,19.0,19.7303,-155.0553,1.9,2,0.0,4629,0,0,0,0.0,0.0,0.0,0.0,0,0.0,0,0,0.0,0.0,0.0,0,0,0,0,76329.5822652029,1,0,0,0,0,0,0,0,0,0,0,0,0,0,0,0,0,0,0,0,0,0,0,0,0,0,0,1,0,0
215,3,28,0.0,47.17,-124.08,0.3,1,0.0,2153,0,0,0,0.0,0.0,0.0,0.0,0,0.0,0,0,0.0,0.0,0.0,0,0,0,0,76329.5822652029,1,0,0,0,0,0,0,0,0,0,0,0,0,0,0,0,0,0,0,0,0,0,0,0,0,0,0,1,0,0
444,11,4,0.0,52.008137,158.274651,15.0,5,0.0,147,0,0,0,0.0,0.0,0.0,0.0,0,0.0,0,0,0.0,0.0,0.0,0,0,0,0,15262.0,1,0,0,0,0,0,0,0,0,0,0,0,0,0,0,0,0,0,0,0,1,0,0,0,0,0,0,0,0,0
227,11,18,0.0,47.04,-55.17,0.0,0,0.0,269,0,0,0,0.0,0.0,0.0,0.0,0,0.0,0,0,0.0,0.0,0.0,0,0,0,0,55522.445687688,1,1,0,0,0,0,0,0,0,0,0,0,0,0,0,0,0,0,0,0,0,0,0,0,0,0,0,0,0,0
447,3,28,0.0,60.392,-149.573,21.95,5,0.0,126,0,0,0,0.0,0.0,0.0,0.0,0,0.0,0,0,0.0,0.0,0.0,0,0,0,0,76329.5822652029,1,0,0,0,0,0,0,0,0,0,0,0,0,0,0,0,0,0,0,0,0,0,0,0,0,0,0,1,0,0
224,8,20,0.0,38.773,15.2112,0.0,0,300.0,2,0,0,0,0.0,0.0,0.0,0.0,0,0.0,0,0,0.0,0.0,0.0,0,0,0,0,34776.423234274,1,0,0,0,0,0,0,0,0,0,1,0,0,0,0,0,0,0,0,0,0,0,0,0,0,0,0,0,0,0
223,8,20,0.0,38.789,15.213,0.0,0,0.0,0,6,6,4,0.0,0.0,0.0,0.0,0,0.0,0,0,0.0,0.0,4.0,1,0,0,0,34776.423234274,1,0,0,0,0,0,0,0,0,0,1,0,0,0,0,0,0,0,0,0,0,0,0,0,0,0,0,0,0,0
445,3,28,0.0,61.078,-146.56,23.77,5,0.0,59,0,0,0,0.0,0.0,0.0,0.0,0,0.0,0,0,0.0,0.0,0.0,0,0,0,0,76329.5822652029,1,0,0,0,0,0,0,0,0,0,0,0,0,0,0,0,0,0,0,0,0,0,0,0,0,0,0,1,0,0
222,11,18,0.0,46.96,-55.241,0.0,0,0.0,259,0,0,0,0.0,0.0,0.0,0.0,0,0.0,0,0,0.0,0.0,0.0,0,0,0,0,55522.445687688,1,1,0,0,0,0,0,0,0,0,0,0,0,0,0,0,0,0,0,0,0,0,0,0,0,0,0,0,0,0
216,11,18,0.0,47.028,-55.155,0.0,0,0.0,268,0,0,0,0.0,0.0,0.0,0.0,0,0.0,0,0,0.0,0.0,0.0,0,0,0,0,55522.445687688,1,1,0,0,0,0,0,0,0,0,0,0,0,0,0,0,0,0,0,0,0,0,0,0,0,0,0,0,0,0
84,12,26,0.0,-6.66848,39.21867,3.5,3,0.0,6386,0,0,0,0.0,0.0,0.0,0.0,0,0.0,0,0,0.0,0.0,0.0,0,0,0,0,1192.76647949219,1,0,0,0,0,0,0,0,0,0,0,0,0,0,0,0,0,0,0,0,0,0,0,0,1,0,0,0,0,0
9,1,20,0.0,21.577,-158.13,3.0,3,150.0,0,0,0,0,0.0,0.0,0.0,0.0,0,0.0,0,0,0.0,0.0,0.0,0,0,0,0,76329.5822652029,1,0,0,0,0,0,0,0,0,0,0,0,0,0,0,0,0,0,0,0,0,0,0,0,0,0,0,1,0,0
10,5,22,0.0,20.92,-156.38,3.7,3,0.0,10811,0,0,0,0.0,0.0,0.0,0.0,0,0.0,0,0,0.0,0.0,0.0,0,0,0,0,76329.5822652029,1,0,0,0,0,0,0,0,0,0,0,0,0,0,0,0,0,0,0,0,0,0,0,0,0,0,0,1,0,0
11,5,22,0.0,20.91,-156.407,3.4,3,0.0,10813,0,0,0,0.0,0.0,0.0,0.0,0,0.0,0,0,0.0,0.0,0.0,0,0,0,0,76329.5822652029,1,0,0,0,0,0,0,0,0,0,0,0,0,0,0,0,0,0,0,0,0,0,0,0,0,0,0,1,0,0
319,5,22,0.0,-43.783,172.97,0.0,0,0.0,8553,0,0,0,0.0,0.0,0.0,0.0,0,0.0,0,0,0.0,0.0,0.0,0,0,0,0,48418.5916631992,1,0,0,0,0,0,0,0,0,0,0,0,0,0,1,0,0,0,0,0,0,0,0,0,0,0,0,0,0,0
320,5,10,0.0,-36.617,-72.95,0.7,1,0.0,1698,0,0,0,0.0,0.0,0.0,0.0,0,0.0,0,0,0.0,0.0,0.0,0,0,0,0,15355.4797401048,1,0,1,0,0,0,0,0,0,0,0,0,0,0,0,0,0,0,0,0,0,0,0,0,0,0,0,0,0,0
221,11,18,0.0,47.183,-55.05,0.0,0,0.0,287,0,0,0,0.0,0.0,0.0,0.0,0,0.0,0,0,0.0,0.0,0.0,0,0,0,0,55522.445687688,1,1,0,0,0,0,0,0,0,0,0,0,0,0,0,0,0,0,0,0,0,0,0,0,0,0,0,0,0,0
147,10,7,0.0,-4.0,140.0,0.0,0,0.0,0,21,1,3,0.0,0.0,6.9,0.0,0,6.9,6,0,0.0,1.0,1.5,4,0,0,6574,4787.99930771921,1,0,0,0,0,0,0,0,0,1,0,0,0,0,0,0,0,0,0,0,0,0,0,0,0,0,0,0,0,0
104,12,26,0.0,12.47117,54.41113,5.7,4,27.2,4671,0,0,0,0.0,0.0,0.0,0.0,0,0.0,0,0,0.0,0.0,0.0,0,0,0,0,650.0,2,0,0,0,0,0,0,0,0,0,0,0,0,0,0,0,0,0,0,0,0,0,0,0,0,0,0,0,0,1
451,10,27,2.0,58.64,-137.57,149.35,5,609.0,28,0,0,0,0.0,0.0,0.0,0.0,0,0.0,0,0,0.0,0.0,0.0,0,0,0,0,76329.5822652029,2,0,0,0,0,0,0,0,0,0,0,0,0,0,0,0,0,0,0,0,0,0,0,0,0,0,0,1,0,0
96,2,9,0.0,41.0,26.0,0.0,0,0.0,70,0,0,0,0.0,0.0,0.0,0.0,0,0.0,0,0,0.0,0.0,0.0,0,0,0,0,20867.2690861087,2,0,0,0,0,0,0,1,0,0,0,0,0,0,0,0,0,0,0,0,0,0,0,0,0,0,0,0,0,0
94,9,11,0.0,44.5,33.6,1.0,2,0.0,72,0,0,0,0.0,0.0,0.0,0.0,0,0.0,0,0,0.0,0.0,0.0,0,0,0,0,4533.9755859375,2,0,0,0,0,0,0,0,0,0,0,0,0,0,0,0,0,0,0,0,0,0,0,0,0,0,1,0,0,0
218,2,5,0.0,38.267,15.65,0.0,0,0.0,28,0,0,0,0.0,0.0,0.0,0.0,0,0.0,0,0,0.0,0.0,0.0,0,0,0,0,34776.423234274,2,0,0,0,0,0,0,0,0,0,1,0,0,0,0,0,0,0,0,0,0,0,0,0,0,0,0,0,0,0
99,12,26,0.0,15.783,94.978,1.7,2,0.0,1390,0,0,0,0.0,0.0,0.0,0.0,0,0.0,0,0,0.0,0.0,0.0,0,0,0,0,1149.21121846296,2,0,0,0,0,0,0,0,0,0,0,0,0,1,0,0,0,0,0,0,0,0,0,0,0,0,0,0,0,0
200,3,28,0.0,45.892,-123.964,0.0,0,0.0,2275,0,0,0,0.0,0.0,0.0,0.0,0,0.0,0,0,0.0,0.0,0.0,0,0,0,0,76329.5822652029,2,0,0,0,0,0,0,0,0,0,0,0,0,0,0,0,0,0,0,0,0,0,0,0,0,0,0,1,0,0
73,2,6,0.0,-16.5357,167.8432,0.0,0,0.0,706,0,0,0,0.0,0.0,0.0,0.0,0,0.0,0,0,0.0,0.0,0.0,0,0,0,0,3231.35129995571,2,0,0,0,0,0,0,0,0,0,0,0,0,0,0,0,0,0,0,0,0,0,0,0,0,0,0,0,1,0
406,3,4,0.0,42.95,144.083,2.7,3,0.0,91,0,0,0,0.0,0.0,0.0,0.0,0,0.0,0,0,0.0,0.0,0.0,0,0,0,0,34017.2718075024,2,0,0,0,0,0,0,0,0,0,0,1,0,0,0,0,0,0,0,0,0,0,0,0,0,0,0,0,0,0
141,12,23,0.0,-4.462,145.4,0.0,0,0.0,372,0,0,0,0.0,0.0,0.0,0.0,0,0.0,0,0,0.0,0.0,0.0,0,0,0,0,3115.92292304288,2,0,0,0,0,0,0,0,0,0,0,0,0,0,0,0,1,0,0,0,0,0,0,0,0,0,0,0,0,0
8,8,13,0.0,20.58,-156.38,0.0,0,0.0,10269,0,0,0,0.0,0.0,0.0,0.0,0,0.0,0,0,0.0,0.0,0.0,0,0,0,0,76329.5822652029,2,0,0,0,0,0,0,0,0,0,0,0,0,0,0,0,0,0,0,0,0,0,0,0,0,0,0,1,0,0
138,12,23,0.0,-4.38653,145.32036,0.0,0,0.0,362,0,0,0,0.0,0.0,0.0,0.0,0,0.0,0,0,0.0,0.0,0.0,0,0,0,0,3115.92292304288,2,0,0,0,0,0,0,0,0,0,0,0,0,0,0,0,1,0,0,0,0,0,0,0,0,0,0,0,0,0
163,9,5,0.0,-4.0,129.0,0.0,0,0.0,0,0,1,4,0.0,0.0,7.0,0.0,0,7.0,7,0,1.2,1.0,1.5,2,0,0,6021,4787.99930771921,2,0,0,0,0,0,0,0,0,1,0,0,0,0,0,0,0,0,0,0,0,0,0,0,0,0,0,0,0,0
442,10,27,0.0,58.6,-137.1,0.0,0,0.0,0,15,8,4,0.0,0.0,0.0,0.0,0,0.0,0,0,149.35,5.6,4.0,1,0,0,0,76329.5822652029,2,0,0,0,0,0,0,0,0,0,0,0,0,0,0,0,0,0,0,0,0,0,0,0,0,0,0,1,0,0
405,1,27,0.0,39.35,141.917,0.0,0,0.0,7256,0,0,0,0.0,0.0,0.0,0.0,0,0.0,0,0,0.0,0.0,0.0,0,0,0,0,34017.2718075024,2,0,0,0,0,0,0,0,0,0,0,1,0,0,0,0,0,0,0,0,0,0,0,0,0,0,0,0,0,0
20,5,22,0.0,-14.274,-170.703,2.4,3,0.0,9525,0,0,0,0.0,0.0,0.0,0.0,0,0.0,0,0,0.0,0.0,0.0,0,0,0,0,76329.5822652029,2,0,0,0,0,0,0,0,0,0,0,0,0,0,0,0,0,0,0,0,0,0,0,0,0,0,0,1,0,0
433,3,28,0.0,60.44,-147.93,12.0,5,0.0,66,0,0,0,0.0,0.0,0.0,0.0,0,0.0,0,0,0.0,0.0,0.0,0,0,0,0,76329.5822652029,2,0,0,0,0,0,0,0,0,0,0,0,0,0,0,0,0,0,0,0,0,0,0,0,0,0,0,1,0,0
134,9,5,0.0,-3.683,128.187,1.2,2,0.0,97,0,0,0,0.0,0.0,0.0,0.0,0,0.0,0,0,0.0,0.0,0.0,0,0,0,0,4787.99930771921,2,0,0,0,0,0,0,0,0,1,0,0,0,0,0,0,0,0,0,0,0,0,0,0,0,0,0,0,0,0
177,5,10,0.0,19.73,-155.07,4.2,3,0.0,10271,0,0,0,0.0,0.0,0.0,0.0,0,0.0,0,0,0.0,0.0,0.0,0,0,0,0,76329.5822652029,2,0,0,0,0,0,0,0,0,0,0,0,0,0,0,0,0,0,0,0,0,0,0,0,0,0,0,1,0,0
126,12,23,0.0,-4.3833,145.13,0.0,0,0.0,355,0,0,0,0.0,0.0,0.0,0.0,0,0.0,0,0,0.0,0.0,0.0,0,0,0,0,3115.92292304288,2,0,0,0,0,0,0,0,0,0,0,0,0,0,0,0,1,0,0,0,0,0,0,0,0,0,0,0,0,0
178,8,9,0.0,19.57,-155.95,0.9,1,0.0,5922,0,0,0,0.0,0.0,0.0,0.0,0,0.0,0,0,0.0,0.0,0.0,0,0,0,0,76329.5822652029,2,0,0,0,0,0,0,0,0,0,0,0,0,0,0,0,0,0,0,0,0,0,0,0,0,0,0,1,0,0
185,6,15,0.0,19.48,-155.93,5.3,4,0.0,6106,0,0,0,0.0,0.0,0.0,0.0,0,0.0,0,0,0.0,0.0,0.0,0,0,0,0,76329.5822652029,2,0,0,0,0,0,0,0,0,0,0,0,0,0,0,0,0,0,0,0,0,0,0,0,0,0,0,1,0,0
428,1,29,0.0,40.8,142.0,0.0,0,0.0,0,9,1,3,0.0,0.0,7.4,0.0,0,7.4,7,0,5.0,2.0,2.0,4,0,0,1369,34017.2718075024,2,0,0,0,0,0,0,0,0,0,0,1,0,0,0,0,0,0,0,0,0,0,0,0,0,0,0,0,0,0
408,6,17,0.0,43.2,145.8,0.0,0,0.0,0,3,1,4,0.0,6.5,7.7,0.0,0,7.7,7,48,5.96,2.2,1.0,71,0,0,4638,34017.2718075024,2,0,0,0,0,0,0,0,0,0,0,1,0,0,0,0,0,0,0,0,0,0,0,0,0,0,0,0,0,0
213,3,28,0.0,46.68,-124.07,0.0,0,0.0,2198,0,0,0,0.0,0.0,0.0,0.0,0,0.0,0,0,0.0,0.0,0.0,0,0,0,0,76329.5822652029,3,0,0,0,0,0,0,0,0,0,0,0,0,0,0,0,0,0,0,0,0,0,0,0,0,0,0,1,0,0
155,12,23,0.0,-4.3667,145.07,0.0,0,0.0,352,0,0,0,0.0,0.0,0.0,0.0,0,0.0,0,0,0.0,0.0,0.0,0,0,0,0,3115.92292304288,3,0,0,0,0,0,0,0,0,0,0,0,0,0,0,0,1,0,0,0,0,0,0,0,0,0,0,0,0,0
226,11,18,0.0,47.03,-55.17,0.0,0,0.0,268,0,0,0,0.0,0.0,0.0,0.0,0,0.0,0,0,0.0,0.0,0.0,0,0,0,0,55522.445687688,3,1,0,0,0,0,0,0,0,0,0,0,0,0,0,0,0,0,0,0,0,0,0,0,0,0,0,0,0,0
156,12,23,0.0,-4.36616,145.08788,0.0,0,0.0,352,0,0,0,0.0,0.0,0.0,0.0,0,0.0,0,0,0.0,0.0,0.0,0,0,0,0,3115.92292304288,3,0,0,0,0,0,0,0,0,0,0,0,0,0,0,0,1,0,0,0,0,0,0,0,0,0,0,0,0,0
157,4,30,0.0,-2.5,127.5,0.0,0,0.0,0,0,1,3,0.0,0.0,7.3,0.0,0,7.3,7,0,1.2,0.0,0.5,2,0,0,6208,4787.99930771921,3,0,0,0,0,0,0,0,0,1,0,0,0,0,0,0,0,0,0,0,0,0,0,0,0,0,0,0,0,0
187,6,15,0.0,19.477,-155.922,5.3,4,0.0,6107,0,0,0,0.0,0.0,0.0,0.0,0,0.0,0,0,0.0,0.0,0.0,0,0,0,0,76329.5822652029,3,0,0,0,0,0,0,0,0,0,0,0,0,0,0,0,0,0,0,0,0,0,0,0,0,0,0,1,0,0
204,3,28,0.0,42.006,-124.214,0.15,1,0.0,2635,0,0,0,0.0,0.0,0.0,0.0,0,0.0,0,0,0.0,0.0,0.0,0,0,0,0,76329.5822652029,3,0,0,0,0,0,0,0,0,0,0,0,0,0,0,0,0,0,0,0,0,0,0,0,0,0,0,1,0,0
137,12,23,0.0,-4.446,145.36,0.0,0,0.0,369,0,0,0,0.0,0.0,0.0,0.0,0,0.0,0,0,0.0,0.0,0.0,0,0,0,0,3115.92292304288,3,0,0,0,0,0,0,0,0,0,0,0,0,0,0,0,1,0,0,0,0,0,0,0,0,0,0,0,0,0
175,3,28,0.0,55.55,-133.083,4.6,3,15.24,1043,0,0,0,0.0,0.0,0.0,0.0,0,0.0,0,0,0.0,0.0,0.0,0,0,0,0,76329.5822652029,3,0,0,0,0,0,0,0,0,0,0,0,0,0,0,0,0,0,0,0,0,0,0,0,0,0,0,1,0,0
140,4,30,20.0,-3.2,127.05,1.2,2,50.0,93,0,0,0,0.0,0.0,0.0,0.0,0,0.0,0,0,0.0,0.0,0.0,0,0,0,0,4787.99930771921,3,0,0,0,0,0,0,0,0,1,0,0,0,0,0,0,0,0,0,0,0,0,0,0,0,0,0,0,0,0
117,11,18,0.0,46.86,-55.73,3.0,3,0.0,242,0,0,0,0.0,0.0,0.0,0.0,0,0.0,0,0,0.0,0.0,0.0,0,0,0,0,55522.445687688,3,1,0,0,0,0,0,0,0,0,0,0,0,0,0,0,0,0,0,0,0,0,0,0,0,0,0,0,0,0
153,12,12,0.0,-8.546889,122.132556,2.88,3,0.0,27,0,0,0,0.0,0.0,0.0,0.0,0,0.0,0,0,0.0,0.0,0.0,0,0,0,0,4787.99930771921,3,0,0,0,0,0,0,0,0,1,0,0,0,0,0,0,0,0,0,0,0,0,0,0,0,0,0,0,0,0
431,3,28,0.0,57.93,-152.5,9.14,4,0.0,439,0,0,0,0.0,0.0,0.0,0.0,0,0.0,0,0,0.0,0.0,0.0,0,0,0,0,76329.5822652029,3,0,0,0,0,0,0,0,0,0,0,0,0,0,0,0,0,0,0,0,0,0,0,0,0,0,0,1,0,0
31,6,2,0.0,-8.38548,113.408183,3.2,3,350.0,241,0,0,0,0.0,0.0,0.0,0.0,0,0.0,0,0,0.0,0.0,0.0,0,0,0,0,4787.99930771921,3,0,0,0,0,0,0,0,0,1,0,0,0,0,0,0,0,0,0,0,0,0,0,0,0,0,0,0,0,0
412,1,25,0.0,13.276,144.743,3.5,3,0.0,176,0,0,0,0.0,0.0,0.0,0.0,0,0.0,0,0,0.0,0.0,0.0,0,0,0,0,76329.5822652029,3,0,0,0,0,0,0,0,0,0,0,0,0,0,0,0,0,0,0,0,0,0,0,0,0,0,0,1,0,0
411,10,4,0.0,44.03,145.86,4.7,3,0.0,121,0,0,0,0.0,0.0,0.0,0.0,0,0.0,0,0,0.0,0.0,0.0,0,0,0,0,15262.0,3,0,0,0,0,0,0,0,0,0,0,0,0,0,0,0,0,0,0,0,1,0,0,0,0,0,0,0,0,0
410,10,4,0.0,43.773,147.321,0.0,0,0.0,0,13,1,4,0.0,7.3,8.1,8.3,0,8.3,8,14,10.4,2.3,2.6,113,40,2230,5392,15262.0,3,0,0,0,0,0,0,0,0,0,0,0,0,0,0,0,0,0,0,0,1,0,0,0,0,0,0,0,0,0
4,4,12,0.0,21.176,-156.788,0.0,0,0.0,10621,0,0,0,0.0,0.0,0.0,0.0,0,0.0,0,0,0.0,0.0,0.0,0,0,0,0,76329.5822652029,3,0,0,0,0,0,0,0,0,0,0,0,0,0,0,0,0,0,0,0,0,0,0,0,0,0,0,1,0,0
13,11,7,0.0,21.176,-156.788,0.0,0,0.0,11020,0,0,0,0.0,0.0,0.0,0.0,0,0.0,0,0,0.0,0.0,0.0,0,0,0,0,76329.5822652029,3,0,0,0,0,0,0,0,0,0,0,0,0,0,0,0,0,0,0,0,0,0,0,0,0,0,0,1,0,0
46,2,6,0.0,-10.751467,165.964247,0.0,0,0.0,93,0,0,0,0.0,0.0,0.0,0.0,0,0.0,0,0,0.0,0.0,0.0,0,0,0,0,2205.25180509148,3,0,0,0,0,0,0,0,0,0,0,0,0,0,0,0,0,0,0,0,0,0,1,0,0,0,0,0,0,0
6,4,1,0.0,21.002,-156.552,10.1,5,0.0,3653,0,0,0,0.0,0.0,0.0,0.0,0,0.0,0,0,0.0,0.0,0.0,0,0,0,0,76329.5822652029,3,0,0,0,0,0,0,0,0,0,0,0,0,0,0,0,0,0,0,0,0,0,0,0,0,0,0,1,0,0
316,5,22,0.0,-43.645,172.711,1.0,2,0.0,8579,0,0,0,0.0,0.0,0.0,0.0,0,0.0,0,0,0.0,0.0,0.0,0,0,0,0,48418.5916631992,3,0,0,0,0,0,0,0,0,0,0,0,0,0,1,0,0,0,0,0,0,0,0,0,0,0,0,0,0,0
7,1,20,0.0,20.93,-156.25,3.0,3,0.0,0,0,0,0,0.0,0.0,0.0,0.0,0,0.0,0,0,0.0,0.0,0.0,0,0,0,0,76329.5822652029,4,0,0,0,0,0,0,0,0,0,0,0,0,0,0,0,0,0,0,0,0,0,0,0,0,0,0,1,0,0
35,7,17,0.0,-7.25,107.9167,0.0,0,0.0,230,0,0,0,0.0,0.0,0.0,0.0,0,0.0,0,0,0.0,0.0,0.0,0,0,0,0,4787.99930771921,4,0,0,0,0,0,0,0,0,1,0,0,0,0,0,0,0,0,0,0,0,0,0,0,0,0,0,0,0,0
164,12,12,0.0,-8.5505,122.144028,3.99,3,0.0,28,0,0,0,0.0,0.0,0.0,0.0,0,0.0,0,0,0.0,0.0,0.0,0,0,0,0,4787.99930771921,4,0,0,0,0,0,0,0,0,1,0,0,0,0,0,0,0,0,0,0,0,0,0,0,0,0,0,0,0,0
139,12,23,0.0,-4.381,145.2833,0.0,0,0.0,360,0,0,0,0.0,0.0,0.0,0.0,0,0.0,0,0,0.0,0.0,0.0,0,0,0,0,3115.92292304288,4,0,0,0,0,0,0,0,0,0,0,0,0,0,0,0,1,0,0,0,0,0,0,0,0,0,0,0,0,0
331,9,1,0.0,34.783,139.383,12.0,5,0.0,37,0,0,0,0.0,0.0,0.0,0.0,0,0.0,0,0,0.0,0.0,0.0,0,0,0,0,34017.2718075024,4,0,0,0,0,0,0,0,0,0,0,1,0,0,0,0,0,0,0,0,0,0,0,0,0,0,0,0,0,0
18,3,9,0.0,22.216,-159.542,11.6,5,0.0,3520,0,0,0,0.0,0.0,0.0,0.0,0,0.0,0,0,0.0,0.0,0.0,0,0,0,0,76329.5822652029,4,0,0,0,0,0,0,0,0,0,0,0,0,0,0,0,0,0,0,0,0,0,0,0,0,0,0,1,0,0
249,12,23,0.0,34.767,137.383,0.0,0,0.0,98,0,0,0,0.0,0.0,0.0,0.0,0,0.0,0,0,0.0,0.0,0.0,0,0,0,0,34017.2718075024,4,0,0,0,0,0,0,0,0,0,0,1,0,0,0,0,0,0,0,0,0,0,0,0,0,0,0,0,0,0
282,4,1,0.0,32.3,132.5,0.0,0,0.0,0,0,1,4,0.0,0.0,7.5,0.0,0,7.5,7,30,3.07,1.3,1.0,64,0,0,4432,34017.2718075024,4,0,0,0,0,0,0,0,0,0,0,1,0,0,0,0,0,0,0,0,0,0,0,0,0,0,0,0,0,0
207,3,28,0.0,46.95,-124.03,2.96,3,0.0,2175,0,0,0,0.0,0.0,0.0,0.0,0,0.0,0,0,0.0,0.0,0.0,0,0,0,0,76329.5822652029,5,0,0,0,0,0,0,0,0,0,0,0,0,0,0,0,0,0,0,0,0,0,0,0,0,0,0,1,0,0
341,7,12,0.0,42.27,139.78,9.0,4,0.0,80,0,0,0,0.0,0.0,0.0,0.0,0,0.0,0,0,0.0,0.0,0.0,0,0,0,0,34017.2718075024,5,0,0,0,0,0,0,0,0,0,0,1,0,0,0,0,0,0,0,0,0,0,0,0,0,0,0,0,0,0
42,9,12,0.0,-4.35269,102.7943,1.7,2,281.0,159,0,0,0,0.0,0.0,0.0,0.0,0,0.0,0,0,0.0,0.0,0.0,0,0,0,0,4787.99930771921,5,0,0,0,0,0,0,0,0,1,0,0,0,0,0,0,0,0,0,0,0,0,0,0,0,0,0,0,0,0
210,3,28,0.0,47.1,-124.0,1.8,2,805.0,2163,0,0,0,0.0,0.0,0.0,0.0,0,0.0,0,0,0.0,0.0,0.0,0,0,0,0,76329.5822652029,5,0,0,0,0,0,0,0,0,0,0,0,0,0,0,0,0,0,0,0,0,0,0,0,0,0,0,1,0,0
50,2,6,0.0,-10.802,166.044,0.0,0,0.0,102,0,0,0,0.0,0.0,0.0,0.0,0,0.0,0,0,0.0,0.0,0.0,0,0,0,0,2205.25180509148,5,0,0,0,0,0,0,0,0,0,0,0,0,0,0,0,0,0,0,0,0,0,1,0,0,0,0,0,0,0
47,2,6,0.0,-10.7889,166.066,0.0,0,0.0,104,0,0,0,0.0,0.0,0.0,0.0,0,0.0,0,0,0.0,0.0,0.0,0,0,0,0,2205.25180509148,5,0,0,0,0,0,0,0,0,0,0,0,0,0,0,0,0,0,0,0,0,0,1,0,0,0,0,0,0,0
78,2,6,0.0,-10.833,165.879,0.0,0,0.0,84,0,0,0,0.0,0.0,0.0,0.0,0,0.0,0,0,0.0,0.0,0.0,0,0,0,0,2205.25180509148,6,0,0,0,0,0,0,0,0,0,0,0,0,0,0,0,0,0,0,0,0,0,1,0,0,0,0,0,0,0
190,5,22,0.0,19.477,-155.922,4.9,3,0.0,10672,0,0,0,0.0,0.0,0.0,0.0,0,0.0,0,0,0.0,0.0,0.0,0,0,0,0,76329.5822652029,6,0,0,0,0,0,0,0,0,0,0,0,0,0,0,0,0,0,0,0,0,0,0,0,0,0,0,1,0,0
12,5,22,18.0,20.895,-156.477,3.4,3,762.0,10817,0,0,0,0.0,0.0,0.0,0.0,0,0.0,0,0,0.0,0.0,0.0,0,0,0,0,76329.5822652029,6,0,0,0,0,0,0,0,0,0,0,0,0,0,0,0,0,0,0,0,0,0,0,0,0,0,0,1,0,0
400,8,1,18.0,46.67,141.855,0.25,1,0.0,331,0,0,0,0.0,0.0,0.0,0.0,0,0.0,0,0,0.0,0.0,0.0,0,0,0,0,15262.0,6,0,0,0,0,0,0,0,0,0,0,0,0,0,0,0,0,0,0,0,1,0,0,0,0,0,0,0,0,0
450,11,4,0.0,52.66,158.39,1.2,2,0.0,113,0,0,0,0.0,0.0,0.0,0.0,0,0.0,0,0,0.0,0.0,0.0,0,0,0,0,15262.0,6,0,0,0,0,0,0,0,0,0,0,0,0,0,0,0,0,0,0,0,1,0,0,0,0,0,0,0,0,0
114,9,2,0.0,11.982917,-86.658717,9.09,4,0.0,79,0,0,0,0.0,0.0,0.0,0.0,0,0.0,0,0,0.0,0.0,0.0,0,0,0,0,2255.42599496242,6,0,0,0,0,0,0,0,0,0,0,0,0,0,0,1,0,0,0,0,0,0,0,0,0,0,0,0,0,0
64,4,21,0.0,-12.584,166.676,0.0,0,0.0,0,12,1,4,0.0,6.4,7.9,7.7,0,7.7,7,33,3.0,-2.3,-2.0,39,0,0,5458,2205.25180509148,7,0,0,0,0,0,0,0,0,0,0,0,0,0,0,0,0,0,0,0,0,0,1,0,0,0,0,0,0,0
123,9,2,0.0,12.84665,-87.60625,6.18,4,0.0,126,0,0,0,0.0,0.0,0.0,0.0,0,0.0,0,0,0.0,0.0,0.0,0,0,0,0,2255.42599496242,7,0,0,0,0,0,0,0,0,0,0,0,0,0,0,1,0,0,0,0,0,0,0,0,0,0,0,0,0,0
51,4,1,0.0,-11.31,154.23,0.0,0,0.0,442,0,0,0,0.0,0.0,0.0,0.0,0,0.0,0,0,0.0,0.0,0.0,0,0,0,0,3115.92292304288,7,0,0,0,0,0,0,0,0,0,0,0,0,0,0,0,1,0,0,0,0,0,0,0,0,0,0,0,0,0
55,4,1,0.0,-9.204,152.941,2.0,3,1000.0,458,0,0,0,0.0,0.0,0.0,0.0,0,0.0,0,0,0.0,0.0,0.0,0,0,0,0,3115.92292304288,7,0,0,0,0,0,0,0,0,0,0,0,0,0,0,0,1,0,0,0,0,0,0,0,0,0,0,0,0,0
422,5,28,0.0,43.6,144.3,0.9,1,0.0,0,0,0,0,0.0,0.0,0.0,0.0,0,0.0,0,0,0.0,0.0,0.0,0,0,0,0,34017.2718075024,7,0,0,0,0,0,0,0,0,0,0,1,0,0,0,0,0,0,0,0,0,0,0,0,0,0,0,0,0,0
228,3,15,0.0,46.0,8.7,0.0,0,0.0,0,18,1,0,0.0,0.0,0.0,0.0,0,0.0,0,0,0.0,0.0,0.0,0,0,0,0,34776.423234274,7,0,0,0,0,0,0,0,0,0,1,0,0,0,0,0,0,0,0,0,0,0,0,0,0,0,0,0,0,0
143,12,23,0.0,-4.5407,145.494,0.0,0,0.0,384,0,0,0,0.0,0.0,0.0,0.0,0,0.0,0,0,0.0,0.0,0.0,0,0,0,0,3115.92292304288,7,0,0,0,0,0,0,0,0,0,0,0,0,0,0,0,1,0,0,0,0,0,0,0,0,0,0,0,0,0
161,12,23,0.0,-4.45,145.3833,0.0,0,0.0,370,0,0,0,0.0,0.0,0.0,0.0,0,0.0,0,0,0.0,0.0,0.0,0,0,0,0,3115.92292304288,7,0,0,0,0,0,0,0,0,0,0,0,0,0,0,0,1,0,0,0,0,0,0,0,0,0,0,0,0,0
122,9,2,0.0,12.8466,-87.606,6.1,4,90.0,126,0,0,0,0.0,0.0,0.0,0.0,0,0.0,0,0,0.0,0.0,0.0,0,0,0,0,2255.42599496242,7,0,0,0,0,0,0,0,0,0,0,0,0,0,0,1,0,0,0,0,0,0,0,0,0,0,0,0,0,0
415,5,28,0.0,43.6,144.3,0.0,0,0.0,0,16,1,4,0.0,0.0,6.1,0.0,0,6.1,6,0,0.9,-0.1,0.0,2,0,0,6321,34017.2718075024,7,0,0,0,0,0,0,0,0,0,0,1,0,0,0,0,0,0,0,0,0,0,0,0,0,0,0,0,0,0
172,9,21,0.0,6.7111,121.9483,0.0,0,0.0,79,0,0,0,0.0,0.0,0.0,0.0,0,0.0,0,0,0.0,0.0,0.0,0,0,0,0,3498.5098055874,8,0,0,0,0,0,0,0,0,0,0,0,0,0,0,0,0,0,1,0,0,0,0,0,0,0,0,0,0,0
181,3,11,0.0,19.484,-155.936,0.0,0,0.0,6241,0,0,0,0.0,0.0,0.0,0.0,0,0.0,0,0,0.0,0.0,0.0,0,0,0,0,76329.5822652029,8,0,0,0,0,0,0,0,0,0,0,0,0,0,0,0,0,0,0,0,0,0,0,0,0,0,0,1,0,0
29,12,26,0.0,10.036,98.524,1.9,2,0.0,803,0,0,0,0.0,0.0,0.0,0.0,0,0.0,0,0,0.0,0.0,0.0,0,0,0,0,1149.21121846296,8,0,0,0,0,0,0,0,0,0,0,0,0,1,0,0,0,0,0,0,0,0,0,0,0,0,0,0,0,0
347,12,7,0.0,38.75,139.733,9.0,4,0.0,53,0,0,0,0.0,0.0,0.0,0.0,0,0.0,0,0,0.0,0.0,0.0,0,0,0,0,34017.2718075024,8,0,0,0,0,0,0,0,0,0,0,1,0,0,0,0,0,0,0,0,0,0,0,0,0,0,0,0,0,0
208,3,28,0.0,47.23,-124.2,3.4,3,0.0,2142,0,0,0,0.0,0.0,0.0,0.0,0,0.0,0,0,0.0,0.0,0.0,0,0,0,0,76329.5822652029,8,0,0,0,0,0,0,0,0,0,0,0,0,0,0,0,0,0,0,0,0,0,0,0,0,0,0,1,0,0
234,10,28,0.0,34.05,135.18,0.0,0,0.0,101,0,0,0,0.0,0.0,0.0,0.0,0,0.0,0,0,0.0,0.0,0.0,0,0,0,0,34017.2718075024,9,0,0,0,0,0,0,0,0,0,0,1,0,0,0,0,0,0,0,0,0,0,0,0,0,0,0,0,0,0
438,3,28,0.0,60.13,-148.15,21.34,5,0.0,102,0,0,0,0.0,0.0,0.0,0.0,0,0.0,0,0,0.0,0.0,0.0,0,0,0,0,76329.5822652029,9,0,0,0,0,0,0,0,0,0,0,0,0,0,0,0,0,0,0,0,0,0,0,0,0,0,0,1,0,0
103,7,22,0.0,26.2,127.5,0.0,0,0.0,0,0,1,4,0.0,0.0,6.5,0.0,0,6.5,6,0,1.2,0.3,1.0,1,0,0,5915,34017.2718075024,9,0,0,0,0,0,0,0,0,0,0,1,0,0,0,0,0,0,0,0,0,0,0,0,0,0,0,0,0,0
111,7,22,0.0,26.25,127.31,1.2,2,0.0,20,0,0,0,0.0,0.0,0.0,0.0,0,0.0,0,0,0.0,0.0,0.0,0,0,0,0,34017.2718075024,9,0,0,0,0,0,0,0,0,0,0,1,0,0,0,0,0,0,0,0,0,0,0,0,0,0,0,0,0,0
201,3,28,0.0,50.02,-127.1,0.0,0,0.0,1766,0,0,0,0.0,0.0,0.0,0.0,0,0.0,0,0,0.0,0.0,0.0,0,0,0,0,55522.445687688,10,1,0,0,0,0,0,0,0,0,0,0,0,0,0,0,0,0,0,0,0,0,0,0,0,0,0,0,0,0
436,3,28,0.0,60.48,-145.9,0.0,0,0.0,112,0,0,0,0.0,0.0,0.0,0.0,0,0.0,0,0,0.0,0.0,0.0,0,0,0,0,76329.5822652029,10,0,0,0,0,0,0,0,0,0,0,0,0,0,0,0,0,0,0,0,0,0,0,0,0,0,0,1,0,0
68,2,6,0.0,-10.862,165.867,0.0,0,0.0,83,0,0,0,0.0,0.0,0.0,0.0,0,0.0,0,0,0.0,0.0,0.0,0,0,0,0,2205.25180509148,10,0,0,0,0,0,0,0,0,0,0,0,0,0,0,0,0,0,0,0,0,0,1,0,0,0,0,0,0,0
76,2,6,0.0,-10.8167,165.8318,0.0,0,0.0,79,0,0,0,0.0,0.0,0.0,0.0,0,0.0,0,0,0.0,0.0,0.0,0,0,0,0,2205.25180509148,10,0,0,0,0,0,0,0,0,0,0,0,0,0,0,0,0,0,0,0,0,0,1,0,0,0,0,0,0,0
52,4,1,0.0,-9.253,152.874,3.5,3,400.0,467,0,0,0,0.0,0.0,0.0,0.0,0,0.0,0,0,0.0,0.0,0.0,0,0,0,0,3115.92292304288,10,0,0,0,0,0,0,0,0,0,0,0,0,0,0,0,1,0,0,0,0,0,0,0,0,0,0,0,0,0
186,6,15,0.0,19.57,-155.95,5.5,4,0.0,6098,0,0,0,0.0,0.0,0.0,0.0,0,0.0,0,0,0.0,0.0,0.0,0,0,0,0,76329.5822652029,11,0,0,0,0,0,0,0,0,0,0,0,0,0,0,0,0,0,0,0,0,0,0,0,0,0,0,1,0,0
281,12,24,0.0,34.76,134.39,0.0,0,0.0,193,0,0,0,0.0,0.0,0.0,0.0,0,0.0,0,0,0.0,0.0,0.0,0,0,0,0,34017.2718075024,11,0,0,0,0,0,0,0,0,0,0,1,0,0,0,0,0,0,0,0,0,0,0,0,0,0,0,0,0,0
302,12,24,0.0,33.49,133.41,0.0,0,0.0,154,0,0,0,0.0,0.0,0.0,0.0,0,0.0,0,0,0.0,0.0,0.0,0,0,0,0,34017.2718075024,11,0,0,0,0,0,0,0,0,0,0,1,0,0,0,0,0,0,0,0,0,0,0,0,0,0,0,0,0,0
120,11,18,0.0,46.87888,-55.71555,13.0,5,13.0,244,0,0,0,0.0,0.0,0.0,0.0,0,0.0,0,0,0.0,0.0,0.0,0,0,0,0,55522.445687688,11,1,0,0,0,0,0,0,0,0,0,0,0,0,0,0,0,0,0,0,0,0,0,0,0,0,0,0,0,0
220,11,18,0.0,47.07,-55.13,13.0,5,0.0,273,0,0,0,0.0,0.0,0.0,0.0,0,0.0,0,0,0.0,0.0,0.0,0,0,0,0,55522.445687688,11,1,0,0,0,0,0,0,0,0,0,0,0,0,0,0,0,0,0,0,0,0,0,0,0,0,0,0,0,0
14,4,1,0.0,22.18,-159.33,0.0,0,0.0,3495,0,0,0,0.0,0.0,0.0,0.0,0,0.0,0,0,0.0,0.0,0.0,0,0,0,0,76329.5822652029,12,0,0,0,0,0,0,0,0,0,0,0,0,0,0,0,0,0,0,0,0,0,0,0,0,0,0,1,0,0
171,12,12,0.0,-8.25,122.9,14.0,5,0.0,113,0,0,0,0.0,0.0,0.0,0.0,0,0.0,0,0,0.0,0.0,0.0,0,0,0,0,4787.99930771921,12,0,0,0,0,0,0,0,0,1,0,0,0,0,0,0,0,0,0,0,0,0,0,0,0,0,0,0,0,0
446,3,28,0.0,56.83,-153.83,4.87,3,0.0,585,0,0,0,0.0,0.0,0.0,0.0,0,0.0,0,0,0.0,0.0,0.0,0,0,0,0,76329.5822652029,12,0,0,0,0,0,0,0,0,0,0,0,0,0,0,0,0,0,0,0,0,0,0,0,0,0,0,1,0,0
246,12,23,0.0,34.83,135.93,0.0,0,0.0,203,0,0,0,0.0,0.0,0.0,0.0,0,0.0,0,0,0.0,0.0,0.0,0,0,0,0,34017.2718075024,12,0,0,0,0,0,0,0,0,0,0,1,0,0,0,0,0,0,0,0,0,0,0,0,0,0,0,0,0,0
409,3,22,0.0,42.5,146.0,0.0,0,0.0,0,10,1,4,0.0,0.0,7.9,0.0,0,7.9,7,0,4.0,2.0,1.5,20,0,0,2443,34017.2718075024,12,0,0,0,0,0,0,0,0,0,0,1,0,0,0,0,0,0,0,0,0,0,0,0,0,0,0,0,0,0
413,3,22,0.0,44.03,145.86,1.2,2,0.0,171,0,0,0,0.0,0.0,0.0,0.0,0,0.0,0,0,0.0,0.0,0.0,0,0,0,0,15262.0,12,0,0,0,0,0,0,0,0,0,0,0,0,0,0,0,0,0,0,0,1,0,0,0,0,0,0,0,0,0
188,3,28,0.0,50.383,-127.4,1.6,2,0.0,1722,0,0,0,0.0,0.0,0.0,0.0,0,0.0,0,0,0.0,0.0,0.0,0,0,0,0,55522.445687688,12,1,0,0,0,0,0,0,0,0,0,0,0,0,0,0,0,0,0,0,0,0,0,0,0,0,0,0,0,0
69,2,6,0.0,-10.8159,165.8335,0.0,0,0.0,79,0,0,0,0.0,0.0,0.0,0.0,0,0.0,0,0,0.0,0.0,0.0,0,0,0,0,2205.25180509148,12,0,0,0,0,0,0,0,0,0,0,0,0,0,0,0,0,0,0,0,0,0,1,0,0,0,0,0,0,0
202,3,28,0.0,45.98,-123.92,3.05,3,0.0,2269,0,0,0,0.0,0.0,0.0,0.0,0,0.0,0,0,0.0,0.0,0.0,0,0,0,0,76329.5822652029,12,0,0,0,0,0,0,0,0,0,0,0,0,0,0,0,0,0,0,0,0,0,0,0,0,0,0,1,0,0
401,1,27,0.0,39.65,141.9667,0.0,0,0.0,7231,0,0,0,0.0,0.0,0.0,0.0,0,0.0,0,0,0.0,0.0,0.0,0,0,0,0,34017.2718075024,13,0,0,0,0,0,0,0,0,0,0,1,0,0,0,0,0,0,0,0,0,0,0,0,0,0,0,0,0,0
49,2,6,0.0,-10.799,166.049,0.0,0,0.0,102,0,0,0,0.0,0.0,0.0,0.0,0,0.0,0,0,0.0,0.0,0.0,0,0,0,0,2205.25180509148,14,0,0,0,0,0,0,0,0,0,0,0,0,0,0,0,0,0,0,0,0,0,1,0,0,0,0,0,0,0
449,11,4,0.0,53.17,159.3,7.0,4,0.0,69,0,0,0,0.0,0.0,0.0,0.0,0,0.0,0,0,0.0,0.0,0.0,0,0,0,0,15262.0,14,0,0,0,0,0,0,0,0,0,0,0,0,0,0,0,0,0,0,0,1,0,0,0,0,0,0,0,0,0
217,11,1,0.0,38.73,-27.07,0.0,0,0.0,1509,0,0,0,0.0,0.0,0.0,0.0,0,0.0,0,0,0.0,0.0,0.0,0,0,0,0,24515.2658507319,15,0,0,0,0,0,0,0,0,0,0,0,0,0,0,0,0,0,0,1,0,0,0,0,0,0,0,0,0,0
265,12,24,0.0,33.74,134.55,0.0,0,0.0,83,0,0,0,0.0,0.0,0.0,0.0,0,0.0,0,0,0.0,0.0,0.0,0,0,0,0,34017.2718075024,15,0,0,0,0,0,0,0,0,0,0,1,0,0,0,0,0,0,0,0,0,0,0,0,0,0,0,0,0,0
239,0,0,0.0,33.683,135.983,0.0,0,0.0,9,0,0,0,0.0,0.0,0.0,0.0,0,0.0,0,0,0.0,0.0,0.0,0,0,0,0,34017.2718075024,15,0,0,0,0,0,0,0,0,0,0,1,0,0,0,0,0,0,0,0,0,0,0,0,0,0,0,0,0,0
128,12,23,0.0,-4.4868,145.4265,0.0,0,0.0,376,0,0,0,0.0,0.0,0.0,0.0,0,0.0,0,0,0.0,0.0,0.0,0,0,0,0,3115.92292304288,15,0,0,0,0,0,0,0,0,0,0,0,0,0,0,0,1,0,0,0,0,0,0,0,0,0,0,0,0,0
232,0,0,0.0,33.58,135.95,0.0,0,0.0,5,0,0,0,0.0,0.0,0.0,0.0,0,0.0,0,0,0.0,0.0,0.0,0,0,0,0,34017.2718075024,15,0,0,0,0,0,0,0,0,0,0,1,0,0,0,0,0,0,0,0,0,0,0,0,0,0,0,0,0,0
377,12,7,0.0,39.217,139.9,0.0,0,0.0,74,0,0,0,0.0,0.0,0.0,0.0,0,0.0,0,0,0.0,0.0,0.0,0,0,0,0,34017.2718075024,16,0,0,0,0,0,0,0,0,0,0,1,0,0,0,0,0,0,0,0,0,0,0,0,0,0,0,0,0,0
205,3,28,0.0,49.25,-126.0,0.0,0,0.0,1883,0,0,0,0.0,0.0,0.0,0.0,0,0.0,0,0,0.0,0.0,0.0,0,0,0,0,55522.445687688,16,1,0,0,0,0,0,0,0,0,0,0,0,0,0,0,0,0,0,0,0,0,0,0,0,0,0,0,0,0
308,12,24,0.0,33.405,133.3,0.0,0,0.0,162,0,0,0,0.0,0.0,0.0,0.0,0,0.0,0,0,0.0,0.0,0.0,0,0,0,0,34017.2718075024,16,0,0,0,0,0,0,0,0,0,0,1,0,0,0,0,0,0,0,0,0,0,0,0,0,0,0,0,0,0
225,11,18,0.0,47.05,-55.183,4.57,3,0.0,270,0,0,0,0.0,0.0,0.0,0.0,0,0.0,0,0,0.0,0.0,0.0,0,0,0,0,55522.445687688,16,1,0,0,0,0,0,0,0,0,0,0,0,0,0,0,0,0,0,0,0,0,0,0,0,0,0,0,0,0
100,12,26,0.0,15.733,95.063,2.3,3,0.0,1384,0,0,0,0.0,0.0,0.0,0.0,0,0.0,0,0,0.0,0.0,0.0,0,0,0,0,1149.21121846296,16,0,0,0,0,0,0,0,0,0,0,0,0,1,0,0,0,0,0,0,0,0,0,0,0,0,0,0,0,0
27,6,2,0.0,-8.43443,113.58225,7.6,4,0.0,242,0,0,0,0.0,0.0,0.0,0.0,0,0.0,0,0,0.0,0.0,0.0,0,0,0,0,4787.99930771921,16,0,0,0,0,0,0,0,0,1,0,0,0,0,0,0,0,0,0,0,0,0,0,0,0,0,0,0,0,0
97,12,26,0.0,15.79,94.806,0.6,1,0.0,1392,0,0,0,0.0,0.0,0.0,0.0,0,0.0,0,0,0.0,0.0,0.0,0,0,0,0,1149.21121846296,16,0,0,0,0,0,0,0,0,0,0,0,0,1,0,0,0,0,0,0,0,0,0,0,0,0,0,0,0,0
404,2,17,0.0,39.35,141.917,2.5,3,0.0,204,0,0,0,0.0,0.0,0.0,0.0,0,0.0,0,0,0.0,0.0,0.0,0,0,0,0,34017.2718075024,17,0,0,0,0,0,0,0,0,0,0,1,0,0,0,0,0,0,0,0,0,0,0,0,0,0,0,0,0,0
74,2,6,0.0,-10.7524,165.7585,0.0,0,0.0,70,0,0,0,0.0,0.0,0.0,0.0,0,0.0,0,0,0.0,0.0,0.0,0,0,0,0,2205.25180509148,17,0,0,0,0,0,0,0,0,0,0,0,0,0,0,0,0,0,0,0,0,0,1,0,0,0,0,0,0,0
80,2,6,0.0,-10.8244,165.7684,0.0,0,0.0,72,0,0,0,0.0,0.0,0.0,0.0,0,0.0,0,0,0.0,0.0,0.0,0,0,0,0,2205.25180509148,17,0,0,0,0,0,0,0,0,0,0,0,0,0,0,0,0,0,0,0,0,0,1,0,0,0,0,0,0,0
142,12,23,0.0,-4.5333,145.485,0.0,0,450.0,383,0,0,0,0.0,0.0,0.0,0.0,0,0.0,0,0,0.0,0.0,0.0,0,0,0,0,3115.92292304288,18,0,0,0,0,0,0,0,0,0,0,0,0,0,0,0,1,0,0,0,0,0,0,0,0,0,0,0,0,0
85,11,11,0.0,-26.38,-70.67,9.0,4,0.0,242,0,0,0,0.0,0.0,0.0,0.0,0,0.0,0,0,0.0,0.0,0.0,0,0,0,0,15355.4797401048,18,0,1,0,0,0,0,0,0,0,0,0,0,0,0,0,0,0,0,0,0,0,0,0,0,0,0,0,0,0
426,9,7,0.0,27.0939,142.195,3.0,3,0.0,2207,0,0,0,0.0,0.0,0.0,0.0,0,0.0,0,0,0.0,0.0,0.0,0,0,0,0,34017.2718075024,19,0,0,0,0,0,0,0,0,0,0,1,0,0,0,0,0,0,0,0,0,0,0,0,0,0,0,0,0,0
416,9,7,0.0,45.5,151.5,0.0,0,0.0,0,17,1,4,0.0,0.0,8.2,0.0,0,8.2,8,33,12.0,3.6,3.0,22,0,0,3118,15262.0,19,0,0,0,0,0,0,0,0,0,0,0,0,0,0,0,0,0,0,0,1,0,0,0,0,0,0,0,0,0
115,5,20,0.0,14.867,-61.117,0.0,0,0.0,8,0,0,0,0.0,0.0,0.0,0.0,0,0.0,0,0,0.0,0.0,0.0,0,0,0,0,40886.2532680273,20,0,0,0,0,1,0,0,0,0,0,0,0,0,0,0,0,0,0,0,0,0,0,0,0,0,0,0,0,0
116,5,20,0.0,14.867,-61.117,0.0,0,0.0,8,0,0,0,0.0,0.0,0.0,0.0,0,0.0,0,0,0.0,0.0,0.0,0,0,0,0,40886.2532680273,20,0,0,0,0,1,0,0,0,0,0,0,0,0,0,0,0,0,0,0,0,0,0,0,0,0,0,0,0,0
119,11,18,0.0,17.711667,-64.881944,7.6,4,76.0,49,0,0,0,0.0,0.0,0.0,0.0,0,0.0,0,0,0.0,0.0,0.0,0,0,0,0,76329.5822652029,20,0,0,0,0,0,0,0,0,0,0,0,0,0,0,0,0,0,0,0,0,0,0,0,0,0,0,1,0,0
180,3,11,0.0,19.832147,-155.98585,0.0,0,0.0,6215,0,0,0,0.0,0.0,0.0,0.0,0,0.0,0,0,0.0,0.0,0.0,0,0,0,0,76329.5822652029,20,0,0,0,0,0,0,0,0,0,0,0,0,0,0,0,0,0,0,0,0,0,0,0,0,0,0,1,0,0
379,7,31,0.0,42.07,140.68,0.0,0,0.0,0,0,6,4,0.0,0.0,6.5,0.0,0,6.5,6,0,0.0,2.0,1.0,3,0,0,942,34017.2718075024,20,0,0,0,0,0,0,0,0,0,0,1,0,0,0,0,0,0,0,0,0,0,0,0,0,0,0,0,0,0
21,11,18,0.0,-19.5,-173.5,0.0,0,0.0,0,0,1,4,0.0,0.0,8.0,0.0,0,8.0,8,0,1.25,0.0,3.0,3,0,0,6153,5000.0,20,0,0,0,0,0,0,0,0,0,0,0,0,0,0,0,0,0,0,0,0,0,0,0,0,1,0,0,0,0
26,6,2,0.0,-8.59463,114.0298,6.0,4,700.0,247,0,0,0,0.0,0.0,0.0,0.0,0,0.0,0,0,0.0,0.0,0.0,0,0,0,0,4787.99930771921,20,0,0,0,0,0,0,0,0,1,0,0,0,0,0,0,0,0,0,0,0,0,0,0,0,0,0,0,0,0
354,8,1,0.0,44.2,139.5,0.0,0,0.0,0,15,1,4,0.0,0.0,7.5,0.0,0,7.5,7,10,3.5,1.8,1.5,61,0,0,6343,34017.2718075024,20,0,0,0,0,0,0,0,0,0,0,1,0,0,0,0,0,0,0,0,0,0,0,0,0,0,0,0,0,0
113,11,18,0.0,17.747667,-64.699944,0.0,0,0.0,58,0,0,0,0.0,0.0,0.0,0.0,0,0.0,0,0,0.0,0.0,0.0,0,0,0,0,76329.5822652029,20,0,0,0,0,0,0,0,0,0,0,0,0,0,0,0,0,0,0,0,0,0,0,0,0,0,0,1,0,0
383,7,31,0.0,42.13,140.7,0.0,0,0.0,7,0,0,0,0.0,0.0,0.0,0.0,0,0.0,0,0,0.0,0.0,0.0,0,0,0,0,34017.2718075024,20,0,0,0,0,0,0,0,0,0,0,1,0,0,0,0,0,0,0,0,0,0,0,0,0,0,0,0,0,0
448,5,22,30.0,52.66,158.39,5.0,4,0.0,15795,0,0,0,0.0,0.0,0.0,0.0,0,0.0,0,0,0.0,0.0,0.0,0,0,0,0,15262.0,20,0,0,0,0,0,0,0,0,0,0,0,0,0,0,0,0,0,0,0,1,0,0,0,0,0,0,0,0,0
62,2,6,0.0,-10.709,165.8,0.0,0,0.0,75,0,0,0,0.0,0.0,0.0,0.0,0,0.0,0,0,0.0,0.0,0.0,0,0,0,0,2205.25180509148,22,0,0,0,0,0,0,0,0,0,0,0,0,0,0,0,0,0,0,0,0,0,1,0,0,0,0,0,0,0
441,3,28,0.0,58.01,-152.77,3.29,3,0.0,442,0,0,0,0.0,0.0,0.0,0.0,0,0.0,0,0,0.0,0.0,0.0,0,0,0,0,76329.5822652029,23,0,0,0,0,0,0,0,0,0,0,0,0,0,0,0,0,0,0,0,0,0,0,0,0,0,0,1,0,0
301,12,24,0.0,33.48,133.45,0.0,0,0.0,150,0,0,0,0.0,0.0,0.0,0.0,0,0.0,0,0,0.0,0.0,0.0,0,0,0,0,34017.2718075024,23,0,0,0,0,0,0,0,0,0,0,1,0,0,0,0,0,0,0,0,0,0,0,0,0,0,0,0,0,0
333,7,12,0.0,42.103,139.423,30.6,5,0.0,85,0,0,0,0.0,0.0,0.0,0.0,0,0.0,0,0,0.0,0.0,0.0,0,0,0,0,34017.2718075024,24,0,0,0,0,0,0,0,0,0,0,1,0,0,0,0,0,0,0,0,0,0,0,0,0,0,0,0,0,0
82,2,6,0.0,-10.7865,166.07,0.0,0,0.0,104,0,0,0,0.0,0.0,0.0,0.0,0,0.0,0,0,0.0,0.0,0.0,0,0,0,0,2205.25180509148,24,0,0,0,0,0,0,0,0,0,0,0,0,0,0,0,0,0,0,0,0,0,1,0,0,0,0,0,0,0
53,2,6,0.0,-10.751,166.1075,0.0,0,0.0,109,0,0,0,0.0,0.0,0.0,0.0,0,0.0,0,0,0.0,0.0,0.0,0,0,0,0,2205.25180509148,24,0,0,0,0,0,0,0,0,0,0,0,0,0,0,0,0,0,0,0,0,0,1,0,0,0,0,0,0,0
443,11,4,0.0,52.61,158.41,7.0,4,0.0,112,0,0,0,0.0,0.0,0.0,0.0,0,0.0,0,0,0.0,0.0,0.0,0,0,0,0,15262.0,24,0,0,0,0,0,0,0,0,0,0,0,0,0,0,0,0,0,0,0,1,0,0,0,0,0,0,0,0,0
136,12,23,0.0,-4.41667,145.347,0.0,0,0.0,366,0,0,0,0.0,0.0,0.0,0.0,0,0.0,0,0,0.0,0.0,0.0,0,0,0,0,3115.92292304288,24,0,0,0,0,0,0,0,0,0,0,0,0,0,0,0,1,0,0,0,0,0,0,0,0,0,0,0,0,0
154,9,21,0.0,6.71,121.973,7.0,4,0.0,79,0,0,0,0.0,0.0,0.0,0.0,0,0.0,0,0,0.0,0.0,0.0,0,0,0,0,3498.5098055874,25,0,0,0,0,0,0,0,0,0,0,0,0,0,0,0,0,0,1,0,0,0,0,0,0,0,0,0,0,0
66,2,6,0.0,-10.707,166.14,0.0,0,0.0,112,0,0,0,0.0,0.0,0.0,0.0,0,0.0,0,0,0.0,0.0,0.0,0,0,0,0,2205.25180509148,25,0,0,0,0,0,0,0,0,0,0,0,0,0,0,0,0,0,0,0,0,0,1,0,0,0,0,0,0,0
344,10,31,0.0,38.1,138.7,0.0,0,0.0,0,5,1,4,0.0,0.0,6.6,0.0,0,6.6,6,0,0.0,1.0,1.0,1,0,0,5909,34017.2718075024,26,0,0,0,0,0,0,0,0,0,0,1,0,0,0,0,0,0,0,0,0,0,0,0,0,0,0,0,0,0
230,12,24,0.0,34.69,137.57,3.0,3,0.0,296,0,0,0,0.0,0.0,0.0,0.0,0,0.0,0,0,0.0,0.0,0.0,0,0,0,0,34017.2718075024,26,0,0,0,0,0,0,0,0,0,0,1,0,0,0,0,0,0,0,0,0,0,0,0,0,0,0,0,0,0
335,10,31,0.0,35.02,139.05,0.0,0,0.0,344,0,0,0,0.0,0.0,0.0,0.0,0,0.0,0,0,0.0,0.0,0.0,0,0,0,0,34017.2718075024,26,0,0,0,0,0,0,0,0,0,0,1,0,0,0,0,0,0,0,0,0,0,0,0,0,0,0,0,0,0
75,2,6,0.0,-10.7838,165.7547,0.0,0,0.0,70,0,0,0,0.0,0.0,0.0,0.0,0,0.0,0,0,0.0,0.0,0.0,0,0,0,0,2205.25180509148,27,0,0,0,0,0,0,0,0,0,0,0,0,0,0,0,0,0,0,0,0,0,1,0,0,0,0,0,0,0
65,2,6,0.0,-10.7175,166.1345,0.0,0,0.0,112,0,0,0,0.0,0.0,0.0,0.0,0,0.0,0,0,0.0,0.0,0.0,0,0,0,0,2205.25180509148,27,0,0,0,0,0,0,0,0,0,0,0,0,0,0,0,0,0,0,0,0,0,1,0,0,0,0,0,0,0
290,11,18,0.0,32.0,132.1,0.0,0,0.0,0,16,1,4,0.0,0.0,7.4,0.0,0,7.4,7,10,1.2,0.3,0.0,11,0,0,3688,34017.2718075024,27,0,0,0,0,0,0,0,0,0,0,1,0,0,0,0,0,0,0,0,0,0,0,0,0,0,0,0,0,0
179,3,11,0.0,19.63,-155.99,0.0,0,0.0,6227,0,0,0,0.0,0.0,0.0,0.0,0,0.0,0,0,0.0,0.0,0.0,0,0,0,0,76329.5822652029,27,0,0,0,0,0,0,0,0,0,0,0,0,0,0,0,0,0,0,0,0,0,0,0,0,0,0,1,0,0
19,8,13,0.0,-14.0,-171.4,0.0,0,0.0,10577,0,0,0,0.0,0.0,0.0,0.0,0,0.0,0,0,0.0,0.0,0.0,0,0,0,0,3745.56036746313,28,0,0,0,0,0,0,0,0,0,0,0,0,0,0,0,0,0,0,0,0,1,0,0,0,0,0,0,0,0
212,3,28,0.0,49.967,-126.783,0.9,1,0.0,1785,0,0,0,0.0,0.0,0.0,0.0,0,0.0,0,0,0.0,0.0,0.0,0,0,0,0,55522.445687688,30,1,0,0,0,0,0,0,0,0,0,0,0,0,0,0,0,0,0,0,0,0,0,0,0,0,0,0,0,0
15,3,9,0.0,21.598,-158.113,3.9,3,0.0,3635,0,0,0,0.0,0.0,0.0,0.0,0,0.0,0,0,0.0,0.0,0.0,0,0,0,0,76329.5822652029,30,0,0,0,0,0,0,0,0,0,0,0,0,0,0,0,0,0,0,0,0,0,0,0,0,0,0,1,0,0
392,11,11,0.0,39.017,141.75,0.0,0,0.0,16819,0,0,0,0.0,0.0,0.0,0.0,0,0.0,0,0,0.0,0.0,0.0,0,0,0,0,34017.2718075024,30,0,0,0,0,0,0,0,0,0,0,1,0,0,0,0,0,0,0,0,0,0,0,0,0,0,0,0,0,0
250,0,0,0.0,33.6,136.0,0.0,0,0.0,0,0,0,2,0.0,0.0,0.0,0.0,0,0.0,0,0,2.0,1.0,1.0,2,0,0,0,34017.2718075024,30,0,0,0,0,0,0,0,0,0,0,1,0,0,0,0,0,0,0,0,0,0,0,0,0,0,0,0,0,0
278,12,24,0.0,33.5,133.9,0.0,0,0.0,112,0,0,0,0.0,0.0,0.0,0.0,0,0.0,0,0,0.0,0.0,0.0,0,0,0,0,34017.2718075024,30,0,0,0,0,0,0,0,0,0,0,1,0,0,0,0,0,0,0,0,0,0,0,0,0,0,0,0,0,0
102,10,31,0.0,12.54,125.993,0.0,0,0.0,0,8,1,4,0.0,6.4,7.6,0.0,0,7.6,7,50,3.0,-0.7,-1.5,28,0,0,4703,3498.5098055874,30,0,0,0,0,0,0,0,0,0,0,0,0,0,0,0,0,0,1,0,0,0,0,0,0,0,0,0,0,0
284,12,24,0.0,34.07,134.38,0.0,0,0.0,122,0,0,0,0.0,0.0,0.0,0.0,0,0.0,0,0,0.0,0.0,0.0,0,0,0,0,34017.2718075024,31,0,0,0,0,0,0,0,0,0,0,1,0,0,0,0,0,0,0,0,0,0,0,0,0,0,0,0,0,0
304,10,28,0.0,33.55,133.7,0.0,0,0.0,109,0,0,0,0.0,0.0,0.0,0.0,0,0.0,0,0,0.0,0.0,0.0,0,0,0,0,34017.2718075024,31,0,0,0,0,0,0,0,0,0,0,1,0,0,0,0,0,0,0,0,0,0,0,0,0,0,0,0,0,0
129,2,1,0.0,-5.525,132.31,0.0,0,0.0,203,0,0,0,0.0,0.0,0.0,0.0,0,0.0,0,0,0.0,0.0,0.0,0,0,0,0,4787.99930771921,32,0,0,0,0,0,0,0,0,1,0,0,0,0,0,0,0,0,0,0,0,0,0,0,0,0,0,0,0,0
131,2,1,0.0,-5.25,130.5,0.0,0,0.0,0,19,1,4,0.0,0.0,8.2,8.5,0,8.5,8,0,1.0,1.0,1.5,5,0,0,3609,4787.99930771921,32,0,0,0,0,0,0,0,0,1,0,0,0,0,0,0,0,0,0,0,0,0,0,0,0,0,0,0,0,0
313,12,24,0.0,33.405,133.37,0.0,0,0.0,155,0,0,0,0.0,0.0,0.0,0.0,0,0.0,0,0,0.0,0.0,0.0,0,0,0,0,34017.2718075024,32,0,0,0,0,0,0,0,0,0,0,1,0,0,0,0,0,0,0,0,0,0,0,0,0,0,0,0,0,0
81,2,6,0.0,-10.7854,166.04823,0.0,0,0.0,102,0,0,0,0.0,0.0,0.0,0.0,0,0.0,0,0,0.0,0.0,0.0,0,0,0,0,2205.25180509148,33,0,0,0,0,0,0,0,0,0,0,0,0,0,0,0,0,0,0,0,0,0,1,0,0,0,0,0,0,0
149,9,21,0.0,6.0,122.0,0.0,0,0.0,0,5,1,4,0.0,0.0,8.7,0.0,0,8.7,8,33,7.0,2.6,2.5,13,0,0,2520,3498.5098055874,33,0,0,0,0,0,0,0,0,0,0,0,0,0,0,0,0,0,1,0,0,0,0,0,0,0,0,0,0,0
368,3,11,0.0,36.5997,140.6512,4.2,3,0.0,242,0,0,0,0.0,0.0,0.0,0.0,0,0.0,0,0,0.0,0.0,0.0,0,0,0,0,34017.2718075024,35,0,0,0,0,0,0,0,0,0,0,1,0,0,0,0,0,0,0,0,0,0,0,0,0,0,0,0,0,0
306,12,24,0.0,33.47,133.4,0.0,0,0.0,154,0,0,0,0.0,0.0,0.0,0.0,0,0.0,0,0,0.0,0.0,0.0,0,0,0,0,34017.2718075024,35,0,0,0,0,0,0,0,0,0,0,1,0,0,0,0,0,0,0,0,0,0,0,0,0,0,0,0,0,0
67,2,6,0.0,-10.832,165.879,0.0,0,0.0,84,0,0,0,0.0,0.0,0.0,0.0,0,0.0,0,0,0.0,0.0,0.0,0,0,0,0,2205.25180509148,36,0,0,0,0,0,0,0,0,0,0,0,0,0,0,0,0,0,0,0,0,0,1,0,0,0,0,0,0,0
37,7,17,0.0,-7.667,109.683,0.0,0,0.0,306,0,0,0,0.0,0.0,0.0,0.0,0,0.0,0,0,0.0,0.0,0.0,0,0,0,0,4787.99930771921,36,0,0,0,0,0,0,0,0,1,0,0,0,0,0,0,0,0,0,0,0,0,0,0,0,0,0,0,0,0
332,7,12,0.0,42.07,139.47,19.0,5,0.0,90,0,0,0,0.0,0.0,0.0,0.0,0,0.0,0,0,0.0,0.0,0.0,0,0,0,0,34017.2718075024,36,0,0,0,0,0,0,0,0,0,0,1,0,0,0,0,0,0,0,0,0,0,0,0,0,0,0,0,0,0
197,2,21,0.0,-9.593,-79.587,0.0,0,0.0,0,12,1,4,0.0,5.8,6.6,7.5,0,7.5,7,10,5.1,2.3,1.9,56,0,0,5435,7125.82993135746,37,0,0,0,0,0,0,0,0,0,0,0,0,0,0,0,0,1,0,0,0,0,0,0,0,0,0,0,0,0
57,2,6,0.0,-10.72167,165.799819,1.5,2,500.0,75,0,0,0,0.0,0.0,0.0,0.0,0,0.0,0,0,0.0,0.0,0.0,0,0,0,0,2205.25180509148,37,0,0,0,0,0,0,0,0,0,0,0,0,0,0,0,0,0,0,0,0,0,1,0,0,0,0,0,0,0
432,3,28,0.0,57.201,-153.305,7.3,4,0.0,533,0,0,0,0.0,0.0,0.0,0.0,0,0.0,0,0,0.0,0.0,0.0,0,0,0,0,76329.5822652029,38,0,0,0,0,0,0,0,0,0,0,0,0,0,0,0,0,0,0,0,0,0,0,0,0,0,0,1,0,0
56,9,14,0.0,-18.95167,178.3764,4.57,3,0.0,75,0,0,0,0.0,0.0,0.0,0.0,0,0.0,0,0,0.0,0.0,0.0,0,0,0,0,5356.16439621614,40,0,0,0,1,0,0,0,0,0,0,0,0,0,0,0,0,0,0,0,0,0,0,0,0,0,0,0,0,0
243,12,23,0.0,34.217,136.4,0.0,0,0.0,140,0,0,0,0.0,0.0,0.0,0.0,0,0.0,0,0,0.0,0.0,0.0,0,0,0,0,34017.2718075024,40,0,0,0,0,0,0,0,0,0,0,1,0,0,0,0,0,0,0,0,0,0,0,0,0,0,0,0,0,0
402,3,11,0.0,39.84157,141.8892,0.0,0,0.0,177,0,0,0,0.0,0.0,0.0,0.0,0,0.0,0,0,0.0,0.0,0.0,0,0,0,0,34017.2718075024,40,0,0,0,0,0,0,0,0,0,0,1,0,0,0,0,0,0,0,0,0,0,0,0,0,0,0,0,0,0
144,2,17,0.0,-3.56,128.19,0.0,0,0.0,53,0,0,0,0.0,0.0,0.0,0.0,0,0.0,0,0,0.0,0.0,0.0,0,0,0,0,4787.99930771921,40,0,0,0,0,0,0,0,0,1,0,0,0,0,0,0,0,0,0,0,0,0,0,0,0,0,0,0,0,0
385,3,2,0.0,38.5,141.5,3.7,3,0.0,282,0,0,0,0.0,0.0,0.0,0.0,0,0.0,0,0,0.0,0.0,0.0,0,0,0,0,34017.2718075024,41,0,0,0,0,0,0,0,0,0,0,1,0,0,0,0,0,0,0,0,0,0,0,0,0,0,0,0,0,0
434,3,28,0.0,59.47,-151.58,0.0,0,0.0,277,0,0,0,0.0,0.0,0.0,0.0,0,0.0,0,0,0.0,0.0,0.0,0,0,0,0,76329.5822652029,42,0,0,0,0,0,0,0,0,0,0,0,0,0,0,0,0,0,0,0,0,0,0,0,0,0,0,1,0,0
435,3,28,0.0,57.8,-152.37,6.89,4,0.0,446,0,0,0,0.0,0.0,0.0,0.0,0,0.0,0,0,0.0,0.0,0.0,0,0,0,0,76329.5822652029,42,0,0,0,0,0,0,0,0,0,0,0,0,0,0,0,0,0,0,0,0,0,0,0,0,0,0,1,0,0
285,12,24,0.0,33.79,134.633,0.0,0,0.0,84,0,0,0,0.0,0.0,0.0,0.0,0,0.0,0,0,0.0,0.0,0.0,0,0,0,0,34017.2718075024,44,0,0,0,0,0,0,0,0,0,0,1,0,0,0,0,0,0,0,0,0,0,0,0,0,0,0,0,0,0
54,2,6,0.0,-10.8557,165.8517,0.0,0,0.0,81,0,0,0,0.0,0.0,0.0,0.0,0,0.0,0,0,0.0,0.0,0.0,0,0,0,0,2205.25180509148,44,0,0,0,0,0,0,0,0,0,0,0,0,0,0,0,0,0,0,0,0,0,1,0,0,0,0,0,0,0
77,2,6,0.0,-10.8644,165.865,0.0,0,0.0,83,0,0,0,0.0,0.0,0.0,0.0,0,0.0,0,0,0.0,0.0,0.0,0,0,0,0,2205.25180509148,44,0,0,0,0,0,0,0,0,0,0,0,0,0,0,0,0,0,0,0,0,0,1,0,0,0,0,0,0,0
194,1,31,0.0,2.58,-78.23,0.0,0,0.0,404,0,0,0,0.0,0.0,0.0,0.0,0,0.0,0,0,0.0,0.0,0.0,0,0,0,0,6624.16539269075,46,0,0,1,0,0,0,0,0,0,0,0,0,0,0,0,0,0,0,0,0,0,0,0,0,0,0,0,0,0
270,8,1,0.0,36.2,133.333,1.4,2,0.0,1032,0,0,0,0.0,0.0,0.0,0.0,0,0.0,0,0,0.0,0.0,0.0,0,0,0,0,34017.2718075024,47,0,0,0,0,0,0,0,0,0,0,1,0,0,0,0,0,0,0,0,0,0,0,0,0,0,0,0,0,0
86,12,26,0.0,7.96071,49.84294,9.52,4,500.7,5116,0,0,0,0.0,0.0,0.0,0.0,0,0.0,0,0,0.0,0.0,0.0,0,0,0,0,592.103121972088,48,0,0,0,0,0,0,0,0,0,0,0,0,0,0,0,0,0,0,0,0,0,0,1,0,0,0,0,0,0
364,9,1,0.0,35.71,140.16,0.0,0,0.0,90,0,0,0,0.0,0.0,0.0,0.0,0,0.0,0,0,0.0,0.0,0.0,0,0,0,0,34017.2718075024,48,0,0,0,0,0,0,0,0,0,0,1,0,0,0,0,0,0,0,0,0,0,0,0,0,0,0,0,0,0
92,12,26,0.0,10.31077,50.89758,7.47,4,62.3,5021,0,0,0,0.0,0.0,0.0,0.0,0,0.0,0,0,0.0,0.0,0.0,0,0,0,0,592.103121972088,50,0,0,0,0,0,0,0,0,0,0,0,0,0,0,0,0,0,0,0,0,0,0,1,0,0,0,0,0,0
312,10,28,0.0,33.217,132.57,0.0,0,0.0,208,0,0,0,0.0,0.0,0.0,0.0,0,0.0,0,0,0.0,0.0,0.0,0,0,0,0,34017.2718075024,50,0,0,0,0,0,0,0,0,0,0,1,0,0,0,0,0,0,0,0,0,0,0,0,0,0,0,0,0,0
109,12,26,0.0,12.40983,54.22685,4.17,3,224.0,4690,0,0,0,0.0,0.0,0.0,0.0,0,0.0,0,0,0.0,0.0,0.0,0,0,0,0,650.0,50,0,0,0,0,0,0,0,0,0,0,0,0,0,0,0,0,0,0,0,0,0,0,0,0,0,0,0,0,1
388,2,9,0.0,43.3,141.4,0.0,0,0.0,0,1,1,4,0.0,0.0,6.4,0.0,0,6.4,6,0,0.0,2.0,1.0,1,0,0,6531,34017.2718075024,50,0,0,0,0,0,0,0,0,0,0,1,0,0,0,0,0,0,0,0,0,0,0,0,0,0,0,0,0,0
17,3,9,0.0,21.59,-158.11,7.0,4,0.0,3636,0,0,0,0.0,0.0,0.0,0.0,0,0.0,0,0,0.0,0.0,0.0,0,0,0,0,76329.5822652029,50,0,0,0,0,0,0,0,0,0,0,0,0,0,0,0,0,0,0,0,0,0,0,0,0,0,0,1,0,0
198,4,13,0.0,-9.282,-77.645,23.0,5,0.0,0,0,0,0,0.0,0.0,0.0,0.0,0,0.0,0,0,0.0,0.0,0.0,0,0,0,0,7125.82993135746,50,0,0,0,0,0,0,0,0,0,0,0,0,0,0,0,0,1,0,0,0,0,0,0,0,0,0,0,0,0
5,5,22,0.0,21.29,-157.72,0.0,0,0.0,10945,0,0,0,0.0,0.0,0.0,0.0,0,0.0,0,0,0.0,0.0,0.0,0,0,0,0,76329.5822652029,50,0,0,0,0,0,0,0,0,0,0,0,0,0,0,0,0,0,0,0,0,0,0,0,0,0,0,1,0,0
196,4,13,0.0,-9.282,-77.645,0.0,0,0.0,0,0,8,0,0.0,0.0,0.0,0.0,0,0.0,0,0,23.0,0.0,0.0,1,0,0,0,7125.82993135746,50,0,0,0,0,0,0,0,0,0,0,0,0,0,0,0,0,1,0,0,0,0,0,0,0,0,0,0,0,0
407,8,19,0.0,43.283,145.57,0.0,0,0.0,0,0,0,0,0.0,0.0,0.0,0.0,0,0.0,0,0,0.0,0.0,0.0,0,0,0,0,34017.2718075024,51,0,0,0,0,0,0,0,0,0,0,1,0,0,0,0,0,0,0,0,0,0,0,0,0,0,0,0,0,0
219,2,6,0.0,38.25,15.717,0.0,0,380.0,8,0,0,0,0.0,0.0,0.0,0.0,0,0.0,0,0,0.0,0.0,0.0,0,0,0,0,34776.423234274,52,0,0,0,0,0,0,0,0,0,1,0,0,0,0,0,0,0,0,0,0,0,0,0,0,0,0,0,0,0
182,5,10,8.0,19.733,-155.067,3.7,3,0.0,10271,0,0,0,0.0,0.0,0.0,0.0,0,0.0,0,0,0.0,0.0,0.0,0,0,0,0,76329.5822652029,54,0,0,0,0,0,0,0,0,0,0,0,0,0,0,0,0,0,0,0,0,0,0,0,0,0,0,1,0,0
63,2,6,0.0,-10.7247,165.7866,3.0,3,0.0,74,0,0,0,0.0,0.0,0.0,0.0,0,0.0,0,0,0.0,0.0,0.0,0,0,0,0,2205.25180509148,55,0,0,0,0,0,0,0,0,0,0,0,0,0,0,0,0,0,0,0,0,0,1,0,0,0,0,0,0,0
101,12,26,0.0,15.772,94.984,1.5,2,0.0,1389,0,0,0,0.0,0.0,0.0,0.0,0,0.0,0,0,0.0,0.0,0.0,0,0,0,0,1149.21121846296,55,0,0,0,0,0,0,0,0,0,0,0,0,1,0,0,0,0,0,0,0,0,0,0,0,0,0,0,0,0
287,12,24,0.0,33.636,134.425,0.0,0,0.0,80,0,0,0,0.0,0.0,0.0,0.0,0,0.0,0,0,0.0,0.0,0.0,0,0,0,0,34017.2718075024,56,0,0,0,0,0,0,0,0,0,0,1,0,0,0,0,0,0,0,0,0,0,0,0,0,0,0,0,0,0
421,3,4,0.0,42.983,144.383,1.4,2,0.0,102,0,0,0,0.0,0.0,0.0,0.0,0,0.0,0,0,0.0,0.0,0.0,0,0,0,0,34017.2718075024,58,0,0,0,0,0,0,0,0,0,0,1,0,0,0,0,0,0,0,0,0,0,0,0,0,0,0,0,0,0
314,12,24,0.0,33.95,133.43,5.0,4,0.0,174,0,0,0,0.0,0.0,0.0,0.0,0,0.0,0,0,0.0,0.0,0.0,0,0,0,0,34017.2718075024,58,0,0,0,0,0,0,0,0,0,0,1,0,0,0,0,0,0,0,0,0,0,0,0,0,0,0,0,0,0
60,2,6,0.0,-10.736,165.7772,0.0,0,0.0,73,0,0,0,0.0,0.0,0.0,0.0,0,0.0,0,0,0.0,0.0,0.0,0,0,0,0,2205.25180509148,58,0,0,0,0,0,0,0,0,0,0,0,0,0,0,0,0,0,0,0,0,0,1,0,0,0,0,0,0,0
348,12,31,0.0,34.667,138.95,3.0,3,0.0,78,0,0,0,0.0,0.0,0.0,0.0,0,0.0,0,0,0.0,0.0,0.0,0,0,0,0,34017.2718075024,58,0,0,0,0,0,0,0,0,0,0,1,0,0,0,0,0,0,0,0,0,0,0,0,0,0,0,0,0,0
336,12,31,0.0,34.783,139.383,10.0,5,0.0,39,0,0,0,0.0,0.0,0.0,0.0,0,0.0,0,0,0.0,0.0,0.0,0,0,0,0,34017.2718075024,58,0,0,0,0,0,0,0,0,0,0,1,0,0,0,0,0,0,0,0,0,0,0,0,0,0,0,0,0,0
193,1,31,0.0,1.672,-78.14,0.0,0,0.0,381,0,0,0,0.0,0.0,0.0,0.0,0,0.0,0,0,0.0,0.0,0.0,0,0,0,0,6624.16539269075,60,0,0,1,0,0,0,0,0,0,0,0,0,0,0,0,0,0,0,0,0,0,0,0,0,0,0,0,0,0
425,3,2,0.0,42.0,143.0,5.0,4,0.0,338,0,0,0,0.0,0.0,0.0,0.0,0,0.0,0,0,0.0,0.0,0.0,0,0,0,0,34017.2718075024,61,0,0,0,0,0,0,0,0,0,0,1,0,0,0,0,0,0,0,0,0,0,0,0,0,0,0,0,0,0
248,12,23,0.0,33.517,135.833,0.0,0,0.0,199,0,0,0,0.0,0.0,0.0,0.0,0,0.0,0,0,0.0,0.0,0.0,0,0,0,0,34017.2718075024,61,0,0,0,0,0,0,0,0,0,0,1,0,0,0,0,0,0,0,0,0,0,0,0,0,0,0,0,0,0
28,10,25,0.0,-2.815833,100.057778,7.0,4,75.0,75,0,0,0,0.0,0.0,0.0,0.0,0,0.0,0,0,0.0,0.0,0.0,0,0,0,0,4787.99930771921,65,0,0,0,0,0,0,0,0,1,0,0,0,0,0,0,0,0,0,0,0,0,0,0,0,0,0,0,0,0
173,11,7,15.0,19.733,-155.067,6.0,4,0.0,10779,0,0,0,0.0,0.0,0.0,0.0,0,0.0,0,0,0.0,0.0,0.0,0,0,0,0,76329.5822652029,66,0,0,0,0,0,0,0,0,0,0,0,0,0,0,0,0,0,0,0,0,0,0,0,0,0,0,1,0,0
236,12,23,0.0,35.7,136.48,0.0,0,0.0,229,0,0,0,0.0,0.0,0.0,0.0,0,0.0,0,0,0.0,0.0,0.0,0,0,0,0,34017.2718075024,67,0,0,0,0,0,0,0,0,0,0,1,0,0,0,0,0,0,0,0,0,0,0,0,0,0,0,0,0,0
244,12,23,0.0,34.25,136.8,0.0,0,0.0,105,0,0,0,0.0,0.0,0.0,0.0,0,0.0,0,0,0.0,0.0,0.0,0,0,0,0,34017.2718075024,70,0,0,0,0,0,0,0,0,0,0,1,0,0,0,0,0,0,0,0,0,0,0,0,0,0,0,0,0,0
44,6,2,0.0,-8.5585,113.943667,7.5,4,250.0,246,0,0,0,0.0,0.0,0.0,0.0,0,0.0,0,0,0.0,0.0,0.0,0,0,0,0,4787.99930771921,71,0,0,0,0,0,0,0,0,1,0,0,0,0,0,0,0,0,0,0,0,0,0,0,0,0,0,0,0,0
169,3,3,0.0,2.28,125.425,0.0,0,0.0,0,0,6,4,0.0,0.0,0.0,0.0,0,0.0,0,0,25.0,4.6,3.5,5,0,0,0,4787.99930771921,75,0,0,0,0,0,0,0,0,1,0,0,0,0,0,0,0,0,0,0,0,0,0,0,0,0,0,0,0,0
148,3,2,0.0,2.34,125.38,25.0,5,0.0,8,0,0,0,0.0,0.0,0.0,0.0,0,0.0,0,0,0.0,0.0,0.0,0,0,0,0,4787.99930771921,75,0,0,0,0,0,0,0,0,1,0,0,0,0,0,0,0,0,0,0,0,0,0,0,0,0,0,0,0,0
414,4,25,0.0,42.0,146.0,0.0,0,0.0,0,0,1,4,0.0,0.0,8.4,0.0,0,8.4,8,0,4.5,2.2,2.5,8,0,0,1849,34017.2718075024,75,0,0,0,0,0,0,0,0,0,0,1,0,0,0,0,0,0,0,0,0,0,0,0,0,0,0,0,0,0
292,9,4,0.0,33.3,131.7,0.0,0,0.0,0,0,3,4,0.0,0.0,6.9,0.0,0,6.9,6,0,5.0,2.0,2.0,2,0,0,808,34017.2718075024,80,0,0,0,0,0,0,0,0,0,0,1,0,0,0,0,0,0,0,0,0,0,0,0,0,0,0,0,0,0
16,2,6,16.0,21.4498,-158.197,0.06,1,0.0,5375,0,0,0,0.0,0.0,0.0,0.0,0,0.0,0,0,0.0,0.0,0.0,0,0,0,0,76329.5822652029,80,0,0,0,0,0,0,0,0,0,0,0,0,0,0,0,0,0,0,0,0,0,0,0,0,0,0,1,0,0
238,2,3,0.0,34.6833,137.5667,0.0,0,0.0,157,0,0,0,0.0,0.0,0.0,0.0,0,0.0,0,0,0.0,0.0,0.0,0,0,0,0,34017.2718075024,80,0,0,0,0,0,0,0,0,0,0,1,0,0,0,0,0,0,0,0,0,0,0,0,0,0,0,0,0,0
1,2,16,0.0,-0.066667,97.86667,0.0,0,0.0,112,0,0,0,0.0,0.0,0.0,0.0,0,0.0,0,0,0.0,0.0,0.0,0,0,0,0,4787.99930771921,80,0,0,0,0,0,0,0,0,1,0,0,0,0,0,0,0,0,0,0,0,0,0,0,0,0,0,0,0,0
261,9,4,0.0,33.2411,131.8722,0.0,0,0.0,17,0,0,0,0.0,0.0,0.0,0.0,0,0.0,0,0,0.0,0.0,0.0,0,0,0,0,34017.2718075024,80,0,0,0,0,0,0,0,0,0,0,1,0,0,0,0,0,0,0,0,0,0,0,0,0,0,0,0,0,0
118,12,4,0.0,18.466,-66.1192,0.0,0,0.0,0,0,0,0,0.0,0.0,0.0,0.0,0,0.0,0,0,0.0,0.0,0.0,0,0,0,0,76329.5822652029,80,0,0,0,0,0,0,0,0,0,0,0,0,0,0,0,0,0,0,0,0,0,0,0,0,0,0,1,0,0
358,2,3,0.0,33.5,138.5,0.0,0,0.0,0,0,1,4,0.0,0.0,7.9,0.0,0,7.9,7,0,0.0,3.0,0.0,7,0,0,834,34017.2718075024,80,0,0,0,0,0,0,0,0,0,0,1,0,0,0,0,0,0,0,0,0,0,0,0,0,0,0,0,0,0
393,2,6,0.0,39.017,141.75,0.11,1,0.0,6043,0,0,0,0.0,0.0,0.0,0.0,0,0.0,0,0,0.0,0.0,0.0,0,0,0,0,34017.2718075024,80,0,0,0,0,0,0,0,0,0,0,1,0,0,0,0,0,0,0,0,0,0,0,0,0,0,0,0,0,0
367,8,29,0.0,40.8036,140.26,0.0,0,0.0,107,0,0,0,0.0,0.0,0.0,0.0,0,0.0,0,0,0.0,0.0,0.0,0,0,0,0,34017.2718075024,82,0,0,0,0,0,0,0,0,0,0,1,0,0,0,0,0,0,0,0,0,0,0,0,0,0,0,0,0,0
33,12,26,0.0,10.001,98.535,2.6,3,0.0,800,0,0,0,0.0,0.0,0.0,0.0,0,0.0,0,0,0.0,0.0,0.0,0,0,0,0,1149.21121846296,83,0,0,0,0,0,0,0,0,0,0,0,0,1,0,0,0,0,0,0,0,0,0,0,0,0,0,0,0,0
286,12,24,0.0,33.73,134.53,0.0,0,0.0,83,0,0,0,0.0,0.0,0.0,0.0,0,0.0,0,0,0.0,0.0,0.0,0,0,0,0,34017.2718075024,84,0,0,0,0,0,0,0,0,0,0,1,0,0,0,0,0,0,0,0,0,0,0,0,0,0,0,0,0,0
59,2,6,0.0,-10.818,165.8304,0.0,0,0.0,78,0,0,0,0.0,0.0,0.0,0.0,0,0.0,0,0,0.0,0.0,0.0,0,0,0,0,2205.25180509148,90,0,0,0,0,0,0,0,0,0,0,0,0,0,0,0,0,0,0,0,0,0,1,0,0,0,0,0,0,0
206,3,28,0.0,41.756,-124.18,4.8,3,0.0,2660,0,0,0,0.0,0.0,0.0,0.0,0,0.0,0,0,0.0,0.0,0.0,0,0,0,0,76329.5822652029,91,0,0,0,0,0,0,0,0,0,0,0,0,0,0,0,0,0,0,0,0,0,0,0,0,0,0,1,0,0
58,2,6,0.0,-10.7855,165.754,0.0,0,0.0,70,0,0,0,0.0,0.0,0.0,0.0,0,0.0,0,0,0.0,0.0,0.0,0,0,0,0,2205.25180509148,92,0,0,0,0,0,0,0,0,0,0,0,0,0,0,0,0,0,0,0,0,0,1,0,0,0,0,0,0,0
310,12,24,0.0,33.44,133.435,0.0,0,0.0,150,0,0,0,0.0,0.0,0.0,0.0,0,0.0,0,0,0.0,0.0,0.0,0,0,0,0,34017.2718075024,92,0,0,0,0,0,0,0,0,0,0,1,0,0,0,0,0,0,0,0,0,0,0,0,0,0,0,0,0,0
3,3,9,0.0,0.009,98.0,0.0,0,0.0,0,0,1,4,0.0,0.0,7.0,0.0,0,7.0,7,20,0.0,0.0,2.0,4,0,0,6142,4787.99930771921,96,0,0,0,0,0,0,0,0,1,0,0,0,0,0,0,0,0,0,0,0,0,0,0,0,0,0,0,0,0
2,3,9,0.0,-0.066667,97.86667,0.0,0,300.0,17,0,0,0,0.0,0.0,0.0,0.0,0,0.0,0,0,0.0,0.0,0.0,0,0,0,0,4787.99930771921,96,0,0,0,0,0,0,0,0,1,0,0,0,0,0,0,0,0,0,0,0,0,0,0,0,0,0,0,0,0
192,1,31,0.0,2.56667,-77.88333,1.0,2,0.0,438,0,0,0,0.0,0.0,0.0,0.0,0,0.0,0,0,0.0,0.0,0.0,0,0,0,0,6624.16539269075,98,0,0,1,0,0,0,0,0,0,0,0,0,0,0,0,0,0,0,0,0,0,0,0,0,0,0,0,0,0
70,8,10,0.0,-10.258,160.896,0.0,0,0.0,0,4,1,4,0.0,6.0,7.4,7.6,0,7.6,7,36,0.09,-3.3,0.0,2,0,0,5165,2205.25180509148,100,0,0,0,0,0,0,0,0,0,0,0,0,0,0,0,0,0,0,0,0,0,1,0,0,0,0,0,0,0
418,2,17,0.0,38.5,144.0,0.0,0,0.0,0,0,1,4,0.0,0.0,8.3,0.0,0,8.3,8,33,4.5,2.2,2.0,8,0,0,1521,34017.2718075024,100,0,0,0,0,0,0,0,0,0,0,1,0,0,0,0,0,0,0,0,0,0,0,0,0,0,0,0,0,0
389,2,9,0.0,43.25,141.38,0.0,0,0.0,6,0,0,0,0.0,0.0,0.0,0.0,0,0.0,0,0,0.0,0.0,0.0,0,0,0,0,34017.2718075024,100,0,0,0,0,0,0,0,0,0,0,1,0,0,0,0,0,0,0,0,0,0,0,0,0,0,0,0,0,0
330,12,24,0.0,34.667,138.783,6.1,4,0.0,390,0,0,0,0.0,0.0,0.0,0.0,0,0.0,0,0,0.0,0.0,0.0,0,0,0,0,34017.2718075024,100,0,0,0,0,0,0,0,0,0,0,1,0,0,0,0,0,0,0,0,0,0,0,0,0,0,0,0,0,0
151,12,12,0.0,-8.111278,122.795639,12.25,5,0.0,107,0,0,0,0.0,0.0,0.0,0.0,0,0.0,0,0,0.0,0.0,0.0,0,0,0,0,4787.99930771921,100,0,0,0,0,0,0,0,0,1,0,0,0,0,0,0,0,0,0,0,0,0,0,0,0,0,0,0,0,0
262,12,24,0.0,33.867,134.65,5.4,4,0.0,91,0,0,0,0.0,0.0,0.0,0.0,0,0.0,0,0,0.0,0.0,0.0,0,0,0,0,34017.2718075024,101,0,0,0,0,0,0,0,0,0,0,1,0,0,0,0,0,0,0,0,0,0,0,0,0,0,0,0,0,0
424,8,23,0.0,39.65,141.983,3.5,3,0.0,160,0,0,0,0.0,0.0,0.0,0.0,0,0.0,0,0,0.0,0.0,0.0,0,0,0,0,34017.2718075024,101,0,0,0,0,0,0,0,0,0,0,1,0,0,0,0,0,0,0,0,0,0,0,0,0,0,0,0,0,0
79,2,6,0.0,-10.8091,165.7585,11.0,5,0.0,71,0,0,0,0.0,0.0,0.0,0.0,0,0.0,0,0,0.0,0.0,0.0,0,0,0,0,2205.25180509148,101,0,0,0,0,0,0,0,0,0,0,0,0,0,0,0,0,0,0,0,0,0,1,0,0,0,0,0,0,0
89,12,26,0.0,9.49316,50.81461,8.94,4,48.6,5021,0,0,0,0.0,0.0,0.0,0.0,0,0.0,0,0,0.0,0.0,0.0,0,0,0,0,592.103121972088,102,0,0,0,0,0,0,0,0,0,0,0,0,0,0,0,0,0,0,0,0,0,0,1,0,0,0,0,0,0
150,12,23,0.0,-1.3,144.3,0.0,0,0.0,0,21,1,4,0.0,0.0,6.5,0.0,0,6.5,6,33,12.0,3.4,1.5,29,0,0,6090,3115.92292304288,104,0,0,0,0,0,0,0,0,0,0,0,0,0,0,0,1,0,0,0,0,0,0,0,0,0,0,0,0,0
349,12,24,0.0,34.917,139.817,4.8,3,0.0,488,0,0,0,0.0,0.0,0.0,0.0,0,0.0,0,0,0.0,0.0,0.0,0,0,0,0,34017.2718075024,105,0,0,0,0,0,0,0,0,0,0,1,0,0,0,0,0,0,0,0,0,0,0,0,0,0,0,0,0,0
174,4,3,0.0,19.1,-155.53,0.0,0,0.0,12,0,0,0,0.0,0.0,0.0,0.0,0,0.0,0,0,0.0,0.0,0.0,0,0,0,0,76329.5822652029,108,0,0,0,0,0,0,0,0,0,0,0,0,0,0,0,0,0,0,0,0,0,0,0,0,0,0,1,0,0
189,4,3,0.0,19.0,-155.5,0.0,0,0.0,0,2,1,4,0.0,0.0,0.0,0.0,7,7.9,7,0,13.7,4.3,3.5,28,0,0,2125,76329.5822652029,108,0,0,0,0,0,0,0,0,0,0,0,0,0,0,0,0,0,0,0,0,0,0,0,0,0,0,1,0,0
25,7,17,0.0,-7.6679,108.5296,0.0,0,0.0,215,0,0,0,0.0,0.0,0.0,0.0,0,0.0,0,0,0.0,0.0,0.0,0,0,0,0,4787.99930771921,110,0,0,0,0,0,0,0,0,1,0,0,0,0,0,0,0,0,0,0,0,0,0,0,0,0,0,0,0,0
346,12,23,0.0,34.67,138.97,0.0,0,0.0,123,0,0,0,0.0,0.0,0.0,0.0,0,0.0,0,0,0.0,0.0,0.0,0,0,0,0,34017.2718075024,111,0,0,0,0,0,0,0,0,0,0,1,0,0,0,0,0,0,0,0,0,0,0,0,0,0,0,0,0,0
43,6,2,0.0,-8.6155,114.0865,5.4,4,1000.0,248,0,0,0,0.0,0.0,0.0,0.0,0,0.0,0,0,0.0,0.0,0.0,0,0,0,0,4787.99930771921,112,0,0,0,0,0,0,0,0,1,0,0,0,0,0,0,0,0,0,0,0,0,0,0,0,0,0,0,0,0
350,12,23,0.0,37.883,139.167,5.7,4,0.0,447,0,0,0,0.0,0.0,0.0,0.0,0,0.0,0,0,0.0,0.0,0.0,0,0,0,0,34017.2718075024,112,0,0,0,0,0,0,0,0,0,0,1,0,0,0,0,0,0,0,0,0,0,0,0,0,0,0,0,0,0
61,2,6,0.0,-10.698,165.798,0.0,0,0.0,75,0,0,0,0.0,0.0,0.0,0.0,0,0.0,0,0,0.0,0.0,0.0,0,0,0,0,2205.25180509148,114,0,0,0,0,0,0,0,0,0,0,0,0,0,0,0,0,0,0,0,0,0,1,0,0,0,0,0,0,0
343,12,7,0.0,38.0,138.5,0.0,0,0.0,115,0,0,0,0.0,0.0,0.0,0.0,0,0.0,0,0,0.0,0.0,0.0,0,0,0,0,34017.2718075024,123,0,0,0,0,0,0,0,0,0,0,1,0,0,0,0,0,0,0,0,0,0,0,0,0,0,0,0,0,0
374,3,11,0.0,41.7187,140.7247,2.4,3,0.0,406,0,0,0,0.0,0.0,0.0,0.0,0,0.0,0,0,0.0,0.0,0.0,0,0,0,0,34017.2718075024,128,0,0,0,0,0,0,0,0,0,0,1,0,0,0,0,0,0,0,0,0,0,0,0,0,0,0,0,0,0
273,12,24,0.0,33.533,134.3,0.0,0,0.0,81,0,0,0,0.0,0.0,0.0,0.0,0,0.0,0,0,0.0,0.0,0.0,0,0,0,0,34017.2718075024,129,0,0,0,0,0,0,0,0,0,0,1,0,0,0,0,0,0,0,0,0,0,0,0,0,0,0,0,0,0
98,12,26,0.0,15.806,94.739,2.0,3,0.0,1395,0,0,0,0.0,0.0,0.0,0.0,0,0.0,0,0,0.0,0.0,0.0,0,0,0,0,1149.21121846296,130,0,0,0,0,0,0,0,0,0,0,0,0,1,0,0,0,0,0,0,0,0,0,0,0,0,0,0,0,0
423,3,4,0.0,43.0,144.867,2.0,3,0.0,126,0,0,0,0.0,0.0,0.0,0.0,0,0.0,0,0,0.0,0.0,0.0,0,0,0,0,34017.2718075024,137,0,0,0,0,0,0,0,0,0,0,1,0,0,0,0,0,0,0,0,0,0,0,0,0,0,0,0,0,0
145,1,1,0.0,0.765889,120.191028,1.79,2,200.0,29,0,0,0,0.0,0.0,0.0,0.0,0,0.0,0,0,0.0,0.0,0.0,0,0,0,0,4787.99930771921,148,0,0,0,0,0,0,0,0,1,0,0,0,0,0,0,0,0,0,0,0,0,0,0,0,0,0,0,0,0
342,12,7,0.0,37.95,139.03,0.0,0,0.0,106,0,0,0,0.0,0.0,0.0,0.0,0,0.0,0,0,0.0,0.0,0.0,0,0,0,0,34017.2718075024,150,0,0,0,0,0,0,0,0,0,0,1,0,0,0,0,0,0,0,0,0,0,0,0,0,0,0,0,0,0
267,12,24,0.0,33.517,133.75,0.0,0,0.0,125,0,0,0,0.0,0.0,0.0,0.0,0,0.0,0,0,0.0,0.0,0.0,0,0,0,0,34017.2718075024,153,0,0,0,0,0,0,0,0,0,0,1,0,0,0,0,0,0,0,0,0,0,0,0,0,0,0,0,0,0
334,9,1,0.0,35.089,139.069,12.0,5,0.0,39,0,0,0,0.0,0.0,0.0,0.0,0,0.0,0,0,0.0,0.0,0.0,0,0,0,0,34017.2718075024,155,0,0,0,0,0,0,0,0,0,0,1,0,0,0,0,0,0,0,0,0,0,0,0,0,0,0,0,0,0
440,3,28,0.0,57.75,-152.483,6.89,4,0.0,455,0,0,0,0.0,0.0,0.0,0.0,0,0.0,0,0,0.0,0.0,0.0,0,0,0,0,76329.5822652029,158,0,0,0,0,0,0,0,0,0,0,0,0,0,0,0,0,0,0,0,0,0,0,0,0,0,0,1,0,0
288,12,24,0.0,33.54,133.75,0.0,0,0.0,126,0,0,0,0.0,0.0,0.0,0.0,0,0.0,0,0,0.0,0.0,0.0,0,0,0,0,34017.2718075024,160,0,0,0,0,0,0,0,0,0,0,1,0,0,0,0,0,0,0,0,0,0,0,0,0,0,0,0,0,0
318,2,27,0.0,-33.63527,-78.83269,18.3,5,295.3,608,0,0,0,0.0,0.0,0.0,0.0,0,0.0,0,0,0.0,0.0,0.0,0,0,0,0,15355.4797401048,160,0,1,0,0,0,0,0,0,0,0,0,0,0,0,0,0,0,0,0,0,0,0,0,0,0,0,0,0,0
160,2,17,0.0,-0.898,136.035,5.35,4,800.0,102,0,0,0,0.0,0.0,0.0,0.0,0,0.0,0,0,0.0,0.0,0.0,0,0,0,0,4787.99930771921,187,0,0,0,0,0,0,0,0,1,0,0,0,0,0,0,0,0,0,0,0,0,0,0,0,0,0,0,0,0
382,11,4,0.0,36.3667,140.4667,0.0,0,0.0,178,0,0,0,0.0,0.0,0.0,0.0,0,0.0,0,0,0.0,0.0,0.0,0,0,0,0,34017.2718075024,189,0,0,0,0,0,0,0,0,0,0,1,0,0,0,0,0,0,0,0,0,0,0,0,0,0,0,0,0,0
88,12,26,0.0,2.50375,73.3096,4.07,3,8.0,2506,0,0,0,0.0,0.0,0.0,0.0,0,0.0,0,0,0.0,0.0,0.0,0,0,0,0,11780.8169102421,192,0,0,0,0,0,0,0,0,0,0,0,1,0,0,0,0,0,0,0,0,0,0,0,0,0,0,0,0,0
321,7,8,0.0,-36.733,-72.983,0.0,0,0.0,490,0,0,0,0.0,0.0,0.0,0.0,0,0.0,0,0,0.0,0.0,0.0,0,0,0,0,15355.4797401048,200,0,1,0,0,0,0,0,0,0,0,0,0,0,0,0,0,0,0,0,0,0,0,0,0,0,0,0,0,0
263,12,24,0.0,33.767,134.583,0.0,0,0.0,84,0,0,0,0.0,0.0,0.0,0.0,0,0.0,0,0,0.0,0.0,0.0,0,0,0,0,34017.2718075024,200,0,0,0,0,0,0,0,0,0,0,1,0,0,0,0,0,0,0,0,0,0,0,0,0,0,0,0,0,0
322,12,24,0.0,37.817,140.983,0.0,0,0.0,754,0,0,0,0.0,0.0,0.0,0.0,0,0.0,0,0,0.0,0.0,0.0,0,0,0,0,34017.2718075024,205,0,0,0,0,0,0,0,0,0,0,1,0,0,0,0,0,0,0,0,0,0,0,0,0,0,0,0,0,0
326,12,24,0.0,35.03,138.94,0.0,0,0.0,422,0,0,0,0.0,0.0,0.0,0.0,0,0.0,0,0,0.0,0.0,0.0,0,0,0,0,34017.2718075024,206,0,0,0,0,0,0,0,0,0,0,1,0,0,0,0,0,0,0,0,0,0,0,0,0,0,0,0,0,0
241,12,23,0.0,34.717,136.517,0.0,0,0.0,150,0,0,0,0.0,0.0,0.0,0.0,0,0.0,0,0,0.0,0.0,0.0,0,0,0,0,34017.2718075024,215,0,0,0,0,0,0,0,0,0,0,1,0,0,0,0,0,0,0,0,0,0,0,0,0,0,0,0,0,0
269,12,24,0.0,33.333,133.25,16.0,5,0.0,165,0,0,0,0.0,0.0,0.0,0.0,0,0.0,0,0,0.0,0.0,0.0,0,0,0,0,34017.2718075024,218,0,0,0,0,0,0,0,0,0,0,1,0,0,0,0,0,0,0,0,0,0,0,0,0,0,0,0,0,0
112,10,19,0.0,13.25,123.5,0.0,0,0.0,0,0,1,2,0.0,0.0,6.0,0.0,0,6.0,6,0,0.0,0.0,0.0,1,0,0,2100,3498.5098055874,223,0,0,0,0,0,0,0,0,0,0,0,0,0,0,0,0,0,1,0,0,0,0,0,0,0,0,0,0,0
370,11,4,0.0,34.9,139.85,0.0,0,0.0,151,0,0,0,0.0,0.0,0.0,0.0,0,0.0,0,0,0.0,0.0,0.0,0,0,0,0,34017.2718075024,223,0,0,0,0,0,0,0,0,0,0,1,0,0,0,0,0,0,0,0,0,0,0,0,0,0,0,0,0,0
242,12,23,0.0,34.25,136.467,0.0,0,0.0,135,0,0,0,0.0,0.0,0.0,0.0,0,0.0,0,0,0.0,0.0,0.0,0,0,0,0,34017.2718075024,230,0,0,0,0,0,0,0,0,0,0,1,0,0,0,0,0,0,0,0,0,0,0,0,0,0,0,0,0,0
146,3,14,0.0,-3.595,127.214,0.0,0,0.0,0,6,1,4,0.0,6.4,6.7,6.7,0,6.7,6,30,3.5,0.0,0.0,1,0,0,7230,4787.99930771921,241,0,0,0,0,0,0,0,0,1,0,0,0,0,0,0,0,0,0,0,0,0,0,0,0,0,0,0,0,0
369,3,11,0.0,35.5356,140.4417,0.0,0,0.0,352,0,0,0,0.0,0.0,0.0,0.0,0,0.0,0,0,0.0,0.0,0.0,0,0,0,0,34017.2718075024,243,0,0,0,0,0,0,0,0,0,0,1,0,0,0,0,0,0,0,0,0,0,0,0,0,0,0,0,0,0
311,12,24,0.0,33.28,133.24,0.0,0,0.0,165,0,0,0,0.0,0.0,0.0,0.0,0,0.0,0,0,0.0,0.0,0.0,0,0,0,0,34017.2718075024,246,0,0,0,0,0,0,0,0,0,0,1,0,0,0,0,0,0,0,0,0,0,0,0,0,0,0,0,0,0
381,3,11,0.0,35.7167,140.65,0.0,0,0.0,325,0,0,0,0.0,0.0,0.0,0.0,0,0.0,0,0,0.0,0.0,0.0,0,0,0,0,34017.2718075024,254,0,0,0,0,0,0,0,0,0,0,1,0,0,0,0,0,0,0,0,0,0,0,0,0,0,0,0,0,0
315,12,24,0.0,33.62,134.37,0.0,0,0.0,82,0,0,0,0.0,0.0,0.0,0.0,0,0.0,0,0,0.0,0.0,0.0,0,0,0,0,34017.2718075024,260,0,0,0,0,0,0,0,0,0,0,1,0,0,0,0,0,0,0,0,0,0,0,0,0,0,0,0,0,0
394,3,2,0.0,38.967,141.717,3.5,3,0.0,252,0,0,0,0.0,0.0,0.0,0.0,0,0.0,0,0,0.0,0.0,0.0,0,0,0,0,34017.2718075024,264,0,0,0,0,0,0,0,0,0,0,1,0,0,0,0,0,0,0,0,0,0,0,0,0,0,0,0,0,0
345,12,23,0.0,34.88,139.08,10.5,5,2000.0,146,0,0,0,0.0,0.0,0.0,0.0,0,0.0,0,0,0.0,0.0,0.0,0,0,0,0,34017.2718075024,267,0,0,0,0,0,0,0,0,0,0,1,0,0,0,0,0,0,0,0,0,0,0,0,0,0,0,0,0,0
373,12,31,0.0,35.15,140.18,6.1,4,0.0,61,0,0,0,0.0,0.0,0.0,0.0,0,0.0,0,0,0.0,0.0,0.0,0,0,0,0,34017.2718075024,270,0,0,0,0,0,0,0,0,0,0,1,0,0,0,0,0,0,0,0,0,0,0,0,0,0,0,0,0,0
247,12,23,0.0,34.5,136.9,0.0,0,0.0,107,0,0,0,0.0,0.0,0.0,0.0,0,0.0,0,0,0.0,0.0,0.0,0,0,0,0,34017.2718075024,270,0,0,0,0,0,0,0,0,0,0,1,0,0,0,0,0,0,0,0,0,0,0,0,0,0,0,0,0,0
38,7,17,0.0,-7.667,109.683,0.0,0,0.0,306,0,0,0,0.0,0.0,0.0,0.0,0,0.0,0,0,0.0,0.0,0.0,0,0,0,0,4787.99930771921,300,0,0,0,0,0,0,0,0,1,0,0,0,0,0,0,0,0,0,0,0,0,0,0,0,0,0,0,0,0
337,9,1,0.0,34.97,139.07,9.0,4,0.0,42,0,0,0,0.0,0.0,0.0,0.0,0,0.0,0,0,0.0,0.0,0.0,0,0,0,0,34017.2718075024,300,0,0,0,0,0,0,0,0,0,0,1,0,0,0,0,0,0,0,0,0,0,0,0,0,0,0,0,0,0
45,1,26,0.0,4.76,119.41,20.0,5,0.0,90,0,0,0,0.0,0.0,0.0,0.0,0,0.0,0,0,0.0,0.0,0.0,0,0,0,0,3498.5098055874,300,0,0,0,0,0,0,0,0,0,0,0,0,0,0,0,0,0,1,0,0,0,0,0,0,0,0,0,0,0
317,2,27,0.0,-35.817,-72.583,6.1,4,0.0,44,0,0,0,0.0,0.0,0.0,0.0,0,0.0,0,0,0.0,0.0,0.0,0,0,0,0,15355.4797401048,300,0,1,0,0,0,0,0,0,0,0,0,0,0,0,0,0,0,0,0,0,0,0,0,0,0,0,0,0,0
135,1,26,0.0,5.1,120.15,0.0,0,0.0,0,0,9,-1,0.0,0.0,0.0,0.0,0,0.0,0,0,20.0,0.0,0.0,4,0,0,0,3498.5098055874,300,0,0,0,0,0,0,0,0,0,0,0,0,0,0,0,0,0,1,0,0,0,0,0,0,0,0,0,0,0
268,4,1,0.0,33.15,130.18,0.0,0,0.0,67,0,0,0,0.0,0.0,0.0,0.0,0,0.0,0,0,0.0,0.0,0.0,0,0,0,0,34017.2718075024,300,0,0,0,0,0,0,0,0,0,0,1,0,0,0,0,0,0,0,0,0,0,0,0,0,0,0,0,0,0
121,10,11,0.0,18.45,-67.133,3.7,3,0.0,39,0,0,0,0.0,0.0,0.0,0.0,0,0.0,0,0,0.0,0.0,0.0,0,0,0,0,76329.5822652029,300,0,0,0,0,0,0,0,0,0,0,0,0,0,0,0,0,0,0,0,0,0,0,0,0,0,0,1,0,0
372,12,31,0.0,34.75,139.92,5.0,4,0.0,12,0,0,0,0.0,0.0,0.0,0.0,0,0.0,0,0,0.0,0.0,0.0,0,0,0,0,34017.2718075024,300,0,0,0,0,0,0,0,0,0,0,1,0,0,0,0,0,0,0,0,0,0,0,0,0,0,0,0,0,0
378,7,10,0.0,39.05,139.95,0.0,0,0.0,0,13,1,4,0.0,0.0,7.3,0.0,0,7.3,7,0,1.0,0.5,1.0,2,0,0,1566,34017.2718075024,300,0,0,0,0,0,0,0,0,0,0,1,0,0,0,0,0,0,0,0,0,0,0,0,0,0,0,0,0,0
91,3,11,0.0,-13.71,-76.22,1.5,2,60.0,15346,0,0,0,0.0,0.0,0.0,0.0,0,0.0,0,0,0.0,0.0,0.0,0,0,0,0,7125.82993135746,300,0,0,0,0,0,0,0,0,0,0,0,0,0,0,0,0,1,0,0,0,0,0,0,0,0,0,0,0,0
90,6,23,0.0,-16.623,-72.711,7.0,4,1000.0,107,0,0,0,0.0,0.0,0.0,0.0,0,0.0,0,0,0.0,0.0,0.0,0,0,0,0,7125.82993135746,300,0,0,0,0,0,0,0,0,0,0,0,0,0,0,0,0,1,0,0,0,0,0,0,0,0,0,0,0,0
384,7,10,0.0,38.917,139.85,1.0,2,0.0,17,0,0,0,0.0,0.0,0.0,0.0,0,0.0,0,0,0.0,0.0,0.0,0,0,0,0,34017.2718075024,300,0,0,0,0,0,0,0,0,0,0,1,0,0,0,0,0,0,0,0,0,0,0,0,0,0,0,0,0,0
294,4,1,0.0,32.7,129.7,0.0,0,0.0,0,0,8,2,0.0,0.0,0.0,0.0,0,0.0,0,0,0.0,2.5,2.0,1,0,0,0,34017.2718075024,300,0,0,0,0,0,0,0,0,0,0,1,0,0,0,0,0,0,0,0,0,0,0,0,0,0,0,0,0,0
211,3,28,0.0,49.233,-124.817,6.4,4,0.0,1938,0,0,0,0.0,0.0,0.0,0.0,0,0.0,0,0,0.0,0.0,0.0,0,0,0,0,55522.445687688,318,1,0,0,0,0,0,0,0,0,0,0,0,0,0,0,0,0,0,0,0,0,0,0,0,0,0,0,0,0
279,12,24,0.0,33.667,134.417,0.0,0,0.0,83,0,0,0,0.0,0.0,0.0,0.0,0,0.0,0,0,0.0,0.0,0.0,0,0,0,0,34017.2718075024,354,0,0,0,0,0,0,0,0,0,0,1,0,0,0,0,0,0,0,0,0,0,0,0,0,0,0,0,0,0
439,3,28,0.0,60.119,-149.427,8.3,4,0.0,139,0,0,0,0.0,0.0,0.0,0.0,0,0.0,0,0,0.0,0.0,0.0,0,0,0,0,76329.5822652029,355,0,0,0,0,0,0,0,0,0,0,0,0,0,0,0,0,0,0,0,0,0,0,0,0,0,0,1,0,0
271,5,21,0.0,32.77,130.37,55.0,5,0.0,7,0,0,0,0.0,0.0,0.0,0.0,0,0.0,0,0,0.0,0.0,0.0,0,0,0,0,34017.2718075024,380,0,0,0,0,0,0,0,0,0,0,1,0,0,0,0,0,0,0,0,0,0,0,0,0,0,0,0,0,0
300,12,23,0.0,33.77,134.59,0.0,0,0.0,84,0,0,0,0.0,0.0,0.0,0.0,0,0.0,0,0,0.0,0.0,0.0,0,0,0,0,34017.2718075024,386,0,0,0,0,0,0,0,0,0,0,1,0,0,0,0,0,0,0,0,0,0,0,0,0,0,0,0,0,0
159,12,12,0.0,-5.05,122.883,0.0,0,0.0,397,0,0,0,0.0,0.0,0.0,0.0,0,0.0,0,0,0.0,0.0,0.0,0,0,0,0,4787.99930771921,388,0,0,0,0,0,0,0,0,1,0,0,0,0,0,0,0,0,0,0,0,0,0,0,0,0,0,0,0,0
276,12,24,0.0,33.54,133.45,0.0,0,0.0,152,0,0,0,0.0,0.0,0.0,0.0,0,0.0,0,0,0.0,0.0,0.0,0,0,0,0,34017.2718075024,389,0,0,0,0,0,0,0,0,0,0,1,0,0,0,0,0,0,0,0,0,0,0,0,0,0,0,0,0,0
403,3,11,0.0,39.9305,141.8892,0.0,0,0.0,186,0,0,0,0.0,0.0,0.0,0.0,0,0.0,0,0,0.0,0.0,0.0,0,0,0,0,34017.2718075024,397,0,0,0,0,0,0,0,0,0,0,1,0,0,0,0,0,0,0,0,0,0,0,0,0,0,0,0,0,0
0,12,26,0.0,10.015,76.22,0.0,0,0.0,2292,0,0,0,0.0,0.0,0.0,0.0,0,0.0,0,0,0.0,0.0,0.0,0,0,0,0,2410.88802070689,400,0,0,0,0,0,0,0,1,0,0,0,0,0,0,0,0,0,0,0,0,0,0,0,0,0,0,0,0,0
398,3,11,0.0,40.117,141.833,17.0,5,0.0,208,0,0,0,0.0,0.0,0.0,0.0,0,0.0,0,0,0.0,0.0,0.0,0,0,0,0,34017.2718075024,400,0,0,0,0,0,0,0,0,0,0,1,0,0,0,0,0,0,0,0,0,0,0,0,0,0,0,0,0,0
166,9,12,0.0,-1.679,136.04,0.0,0,0.0,0,5,1,4,0.0,6.3,7.9,0.0,0,7.9,7,5,2.0,1.0,0.0,2,0,0,4842,4787.99930771921,400,0,0,0,0,0,0,0,0,1,0,0,0,0,0,0,0,0,0,0,0,0,0,0,0,0,0,0,0,0
130,9,12,0.0,-1.65,136.0,0.0,0,0.0,5,0,0,0,0.0,0.0,0.0,0.0,0,0.0,0,0,0.0,0.0,0.0,0,0,0,0,4787.99930771921,400,0,0,0,0,0,0,0,0,1,0,0,0,0,0,0,0,0,0,0,0,0,0,0,0,0,0,0,0,0
133,1,1,0.0,0.480944,119.978139,3.43,3,300.0,28,0,0,0,0.0,0.0,0.0,0.0,0,0.0,0,0,0.0,0.0,0.0,0,0,0,0,4787.99930771921,400,0,0,0,0,0,0,0,0,1,0,0,0,0,0,0,0,0,0,0,0,0,0,0,0,0,0,0,0,0
152,1,1,0.0,0.729,119.931,0.0,0,0.0,0,8,1,4,0.0,6.3,7.6,7.9,0,7.9,7,24,3.43,2.3,1.8,16,0,0,5428,4787.99930771921,400,0,0,0,0,0,0,0,0,1,0,0,0,0,0,0,0,0,0,0,0,0,0,0,0,0,0,0,0,0
329,12,17,0.0,34.7,138.2,0.0,0,0.0,101,0,0,0,0.0,0.0,0.0,0.0,0,0.0,0,0,0.0,0.0,0.0,0,0,0,0,34017.2718075024,400,0,0,0,0,0,0,0,0,0,0,1,0,0,0,0,0,0,0,0,0,0,0,0,0,0,0,0,0,0
240,12,17,0.0,34.0,137.5,0.0,0,0.0,0,0,1,4,0.0,0.0,8.4,0.0,0,8.4,8,0,7.0,2.5,2.0,5,0,0,375,34017.2718075024,400,0,0,0,0,0,0,0,0,0,0,1,0,0,0,0,0,0,0,0,0,0,0,0,0,0,0,0,0,0
417,8,23,0.0,40.5,143.5,0.0,0,0.0,0,4,1,4,0.0,0.0,8.0,0.0,0,8.0,8,0,6.0,2.6,2.0,33,0,0,2001,34017.2718075024,431,0,0,0,0,0,0,0,0,0,0,1,0,0,0,0,0,0,0,0,0,0,0,0,0,0,0,0,0,0
277,10,28,0.0,33.367,133.283,0.0,0,0.0,142,0,0,0,0.0,0.0,0.0,0.0,0,0.0,0,0,0.0,0.0,0.0,0,0,0,0,34017.2718075024,432,0,0,0,0,0,0,0,0,0,0,1,0,0,0,0,0,0,0,0,0,0,0,0,0,0,0,0,0,0
158,12,12,0.0,-6.14,120.49,0.0,0,0.0,303,0,0,0,0.0,0.0,0.0,0.0,0,0.0,0,0,0.0,0.0,0.0,0,0,0,0,4787.99930771921,437,0,0,0,0,0,0,0,0,1,0,0,0,0,0,0,0,0,0,0,0,0,0,0,0,0,0,0,0,0
376,12,31,0.0,35.23,140.4049,0.0,0,0.0,81,0,0,0,0.0,0.0,0.0,0.0,0,0.0,0,0,0.0,0.0,0.0,0,0,0,0,34017.2718075024,440,0,0,0,0,0,0,0,0,0,0,1,0,0,0,0,0,0,0,0,0,0,0,0,0,0,0,0,0,0
245,12,23,0.0,34.2,136.333,10.0,5,0.0,146,0,0,0,0.0,0.0,0.0,0.0,0,0.0,0,0,0.0,0.0,0.0,0,0,0,0,34017.2718075024,450,0,0,0,0,0,0,0,0,0,0,1,0,0,0,0,0,0,0,0,0,0,0,0,0,0,0,0,0,0
264,6,30,0.0,32.83,130.7,0.0,0,0.0,51,0,0,0,0.0,0.0,0.0,0.0,0,0.0,0,0,0.0,0.0,0.0,0,0,0,0,34017.2718075024,470,0,0,0,0,0,0,0,0,0,0,1,0,0,0,0,0,0,0,0,0,0,0,0,0,0,0,0,0,0
295,6,30,0.0,32.4,130.5,0.0,0,0.0,0,0,1,4,0.0,0.0,6.4,0.0,0,6.4,6,0,0.0,2.0,2.0,1,0,0,9810,34017.2718075024,470,0,0,0,0,0,0,0,0,0,0,1,0,0,0,0,0,0,0,0,0,0,0,0,0,0,0,0,0,0
127,10,8,0.0,-1.48835,127.71474,3.0,3,0.0,39,0,0,0,0.0,0.0,0.0,0.0,0,0.0,0,0,0.0,0.0,0.0,0,0,0,0,4787.99930771921,479,0,0,0,0,0,0,0,0,1,0,0,0,0,0,0,0,0,0,0,0,0,0,0,0,0,0,0,0,0
324,11,4,0.0,38.13,140.87,4.0,3,0.0,353,0,0,0,0.0,0.0,0.0,0.0,0,0.0,0,0,0.0,0.0,0.0,0,0,0,0,34017.2718075024,490,0,0,0,0,0,0,0,0,0,0,1,0,0,0,0,0,0,0,0,0,0,0,0,0,0,0,0,0,0
162,10,8,0.0,-1.258,127.98,0.0,0,0.0,0,21,1,4,0.0,6.4,6.8,6.8,0,6.8,6,17,3.0,1.6,1.5,1,0,0,5393,4787.99930771921,500,0,0,0,0,0,0,0,0,1,0,0,0,0,0,0,0,0,0,0,0,0,0,0,0,0,0,0,0,0
233,10,28,0.0,35.0,137.25,0.0,0,0.0,302,0,0,0,0.0,0.0,0.0,0.0,0,0.0,0,0,0.0,0.0,0.0,0,0,0,0,34017.2718075024,505,0,0,0,0,0,0,0,0,0,0,1,0,0,0,0,0,0,0,0,0,0,0,0,0,0,0,0,0,0
429,5,16,0.0,40.8,143.2,0.0,0,0.0,0,0,1,4,0.0,0.0,7.9,8.2,0,8.2,8,7,6.0,2.3,2.0,334,0,0,4438,34017.2718075024,529,0,0,0,0,0,0,0,0,0,0,1,0,0,0,0,0,0,0,0,0,0,0,0,0,0,0,0,0,0
390,3,11,0.0,40.1878,141.7689,9.0,4,0.0,217,0,0,0,0.0,0.0,0.0,0.0,0,0.0,0,0,0.0,0.0,0.0,0,0,0,0,34017.2718075024,573,0,0,0,0,0,0,0,0,0,0,1,0,0,0,0,0,0,0,0,0,0,0,0,0,0,0,0,0,0
280,12,24,0.0,33.567,134.317,0.0,0,0.0,82,0,0,0,0.0,0.0,0.0,0.0,0,0.0,0,0,0.0,0.0,0.0,0,0,0,0,34017.2718075024,586,0,0,0,0,0,0,0,0,0,0,1,0,0,0,0,0,0,0,0,0,0,0,0,0,0,0,0,0,0
353,12,7,0.0,38.9,139.15,0.0,0,0.0,0,0,1,4,0.0,0.0,7.4,0.0,0,7.4,7,0,9.0,2.5,2.5,27,0,0,1765,34017.2718075024,600,0,0,0,0,0,0,0,0,0,0,1,0,0,0,0,0,0,0,0,0,0,0,0,0,0,0,0,0,0
338,9,1,0.0,34.97,139.12,9.0,4,0.0,38,0,0,0,0.0,0.0,0.0,0.0,0,0.0,0,0,0.0,0.0,0.0,0,0,0,0,34017.2718075024,600,0,0,0,0,0,0,0,0,0,0,1,0,0,0,0,0,0,0,0,0,0,0,0,0,0,0,0,0,0
235,10,28,0.0,34.5,135.33,0.0,0,0.0,153,0,0,0,0.0,0.0,0.0,0.0,0,0.0,0,0,0.0,0.0,0.0,0,0,0,0,34017.2718075024,603,0,0,0,0,0,0,0,0,0,0,1,0,0,0,0,0,0,0,0,0,0,0,0,0,0,0,0,0,0
307,12,24,0.0,33.32,133.1,0.0,0,0.0,178,0,0,0,0.0,0.0,0.0,0.0,0,0.0,0,0,0.0,0.0,0.0,0,0,0,0,34017.2718075024,607,0,0,0,0,0,0,0,0,0,0,1,0,0,0,0,0,0,0,0,0,0,0,0,0,0,0,0,0,0
309,12,24,0.0,33.67,134.42,0.0,0,0.0,83,0,0,0,0.0,0.0,0.0,0.0,0,0.0,0,0,0.0,0.0,0.0,0,0,0,0,34017.2718075024,662,0,0,0,0,0,0,0,0,0,0,1,0,0,0,0,0,0,0,0,0,0,0,0,0,0,0,0,0,0
351,7,12,5.0,42.05,139.45,6.2,4,0.0,91,0,0,0,0.0,0.0,0.0,0.0,0,0.0,0,0,0.0,0.0,0.0,0,0,0,0,34017.2718075024,680,0,0,0,0,0,0,0,0,0,0,1,0,0,0,0,0,0,0,0,0,0,0,0,0,0,0,0,0,0
36,7,17,0.0,-7.3266,108.1933,0.0,0,0.0,231,0,0,0,0.0,0.0,0.0,0.0,0,0.0,0,0,0.0,0.0,0.0,0,0,0,0,4787.99930771921,692,0,0,0,0,0,0,0,0,1,0,0,0,0,0,0,0,0,0,0,0,0,0,0,0,0,0,0,0,0
365,6,15,0.0,40.8,140.7,0.0,0,0.0,316,0,0,0,0.0,0.0,0.0,0.0,0,0.0,0,0,0.0,0.0,0.0,0,0,0,0,34017.2718075024,695,0,0,0,0,0,0,0,0,0,0,1,0,0,0,0,0,0,0,0,0,0,0,0,0,0,0,0,0,0
256,2,3,0.0,33.0,134.9,0.0,0,0.0,0,0,1,4,0.0,0.0,7.9,0.0,0,7.9,7,0,10.0,3.0,3.0,10,0,0,833,34017.2718075024,700,0,0,0,0,0,0,0,0,0,0,1,0,0,0,0,0,0,0,0,0,0,0,0,0,0,0,0,0,0
30,6,2,0.0,-8.59,114.005,9.4,4,300.0,246,0,0,0,0.0,0.0,0.0,0.0,0,0.0,0,0,0.0,0.0,0.0,0,0,0,0,4787.99930771921,700,0,0,0,0,0,0,0,0,1,0,0,0,0,0,0,0,0,0,0,0,0,0,0,0,0,0,0,0,0
41,10,25,0.0,-3.487,100.082,0.0,0,0.0,0,14,1,4,0.0,6.5,7.3,7.8,0,7.8,7,20,16.9,0.0,0.0,351,0,0,9592,4787.99930771921,700,0,0,0,0,0,0,0,0,1,0,0,0,0,0,0,0,0,0,0,0,0,0,0,0,0,0,0,0,0
291,10,28,0.0,33.67,134.417,0.0,0,0.0,63,0,0,0,0.0,0.0,0.0,0.0,0,0.0,0,0,0.0,0.0,0.0,0,0,0,0,34017.2718075024,700,0,0,0,0,0,0,0,0,0,0,1,0,0,0,0,0,0,0,0,0,0,0,0,0,0,0,0,0,0
231,2,3,0.0,34.0333,135.1833,0.0,0,0.0,118,0,0,0,0.0,0.0,0.0,0.0,0,0.0,0,0,0.0,0.0,0.0,0,0,0,0,34017.2718075024,700,0,0,0,0,0,0,0,0,0,0,1,0,0,0,0,0,0,0,0,0,0,0,0,0,0,0,0,0,0
275,12,24,0.0,33.8,133.44,0.0,0,0.0,164,0,0,0,0.0,0.0,0.0,0.0,0,0.0,0,0,0.0,0.0,0.0,0,0,0,0,34017.2718075024,742,0,0,0,0,0,0,0,0,0,0,1,0,0,0,0,0,0,0,0,0,0,0,0,0,0,0,0,0,0
298,12,23,0.0,33.452,133.45,8.5,4,0.0,149,0,0,0,0.0,0.0,0.0,0.0,0,0.0,0,0,0.0,0.0,0.0,0,0,0,0,34017.2718075024,784,0,0,0,0,0,0,0,0,0,0,1,0,0,0,0,0,0,0,0,0,0,0,0,0,0,0,0,0,0
366,8,29,0.0,41.45,140.0394,0.0,0,0.0,56,0,0,0,0.0,0.0,0.0,0.0,0,0.0,0,0,0.0,0.0,0.0,0,0,0,0,34017.2718075024,789,0,0,0,0,0,0,0,0,0,0,1,0,0,0,0,0,0,0,0,0,0,0,0,0,0,0,0,0,0
168,8,14,0.0,-0.1,119.83,0.0,0,0.0,34,0,0,0,0.0,0.0,0.0,0.0,0,0.0,0,0,0.0,0.0,0.0,0,0,0,0,4787.99930771921,800,0,0,0,0,0,0,0,0,1,0,0,0,0,0,0,0,0,0,0,0,0,0,0,0,0,0,0,0,0
167,8,14,0.0,0.2,119.8,0.0,0,0.0,0,22,1,4,7.4,0.0,7.8,0.0,0,7.8,7,23,10.0,3.3,2.5,7,0,0,4454,4787.99930771921,800,0,0,0,0,0,0,0,0,1,0,0,0,0,0,0,0,0,0,0,0,0,0,0,0,0,0,0,0,0
328,12,23,0.0,34.667,138.95,10.0,5,0.0,122,0,0,0,0.0,0.0,0.0,0.0,0,0.0,0,0,0.0,0.0,0.0,0,0,0,0,34017.2718075024,816,0,0,0,0,0,0,0,0,0,0,1,0,0,0,0,0,0,0,0,0,0,0,0,0,0,0,0,0,0
299,12,24,0.0,33.41,133.3,0.0,0,0.0,162,0,0,0,0.0,0.0,0.0,0.0,0,0.0,0,0,0.0,0.0,0.0,0,0,0,0,34017.2718075024,846,0,0,0,0,0,0,0,0,0,0,1,0,0,0,0,0,0,0,0,0,0,0,0,0,0,0,0,0,0
274,12,24,0.0,33.6,133.47,0.0,0,0.0,153,0,0,0,0.0,0.0,0.0,0.0,0,0.0,0,0,0.0,0.0,0.0,0,0,0,0,34017.2718075024,846,0,0,0,0,0,0,0,0,0,0,1,0,0,0,0,0,0,0,0,0,0,0,0,0,0,0,0,0,0
360,9,1,0.0,35.1,139.5,0.0,0,0.0,0,2,1,4,8.2,0.0,7.9,7.9,0,7.9,7,33,13.0,3.6,3.0,141,0,0,3227,34017.2718075024,868,0,0,0,0,0,0,0,0,0,0,1,0,0,0,0,0,0,0,0,0,0,0,0,0,0,0,0,0,0
359,8,29,0.0,41.5,139.37,0.0,0,0.0,0,0,6,4,0.0,0.0,6.9,0.0,0,6.9,6,0,90.0,3.2,2.5,6,0,0,0,34017.2718075024,871,0,0,0,0,0,0,0,0,0,0,1,0,0,0,0,0,0,0,0,0,0,0,0,0,0,0,0,0,0
266,12,24,0.0,34.01,134.59,0.0,0,0.0,108,0,0,0,0.0,0.0,0.0,0.0,0,0.0,0,0,0.0,0.0,0.0,0,0,0,0,34017.2718075024,970,0,0,0,0,0,0,0,0,0,0,1,0,0,0,0,0,0,0,0,0,0,0,0,0,0,0,0,0,0
237,9,20,0.0,34.517,136.75,10.0,5,0.0,137,0,0,0,0.0,0.0,0.0,0.0,0,0.0,0,0,0.0,0.0,0.0,0,0,0,0,34017.2718075024,1000,0,0,0,0,0,0,0,0,0,0,1,0,0,0,0,0,0,0,0,0,0,0,0,0,0,0,0,0,0
362,9,20,0.0,34.0,138.1,0.0,0,0.0,0,0,1,4,0.0,0.0,8.3,0.0,0,8.3,8,0,10.0,3.0,4.0,6,0,0,7383,34017.2718075024,1000,0,0,0,0,0,0,0,0,0,0,1,0,0,0,0,0,0,0,0,0,0,0,0,0,0,0,0,0,0
387,11,4,0.0,35.0,141.5,0.0,0,0.0,0,0,1,4,0.0,0.0,7.4,0.0,0,7.4,7,0,8.0,3.0,3.0,18,0,0,1076,34017.2718075024,1001,0,0,0,0,0,0,0,0,0,0,1,0,0,0,0,0,0,0,0,0,0,0,0,0,0,0,0,0,0
371,12,31,0.0,34.9,139.85,0.0,0,0.0,23,0,0,0,0.0,0.0,0.0,0.0,0,0.0,0,0,0.0,0.0,0.0,0,0,0,0,34017.2718075024,1020,0,0,0,0,0,0,0,0,0,0,1,0,0,0,0,0,0,0,0,0,0,0,0,0,0,0,0,0,0
105,4,24,0.0,24.79,125.26,12.0,5,0.0,131,0,0,0,0.0,0.0,0.0,0.0,0,0.0,0,0,0.0,0.0,0.0,0,0,0,0,34017.2718075024,1054,0,0,0,0,0,0,0,0,0,0,1,0,0,0,0,0,0,0,0,0,0,0,0,0,0,0,0,0,0
107,4,24,0.0,24.25,124.0,0.0,0,0.0,41,0,0,0,0.0,0.0,0.0,0.0,0,0.0,0,0,0.0,0.0,0.0,0,0,0,0,34017.2718075024,1061,0,0,0,0,0,0,0,0,0,0,1,0,0,0,0,0,0,0,0,0,0,0,0,0,0,0,0,0,0
106,4,24,0.0,24.35,123.98,0.0,0,0.0,51,0,0,0,0.0,0.0,0.0,0.0,0,0.0,0,0,0.0,0.0,0.0,0,0,0,0,34017.2718075024,1062,0,0,0,0,0,0,0,0,0,0,1,0,0,0,0,0,0,0,0,0,0,0,0,0,0,0,0,0,0
71,2,6,0.0,-10.766,165.114,0.0,0,0.0,0,1,1,4,0.0,6.4,7.4,7.9,0,7.9,7,24,0.0,0.0,0.0,129,0,0,9958,2205.25180509148,1066,0,0,0,0,0,0,0,0,0,0,0,0,0,0,0,0,0,0,0,0,0,1,0,0,0,0,0,0,0
272,12,24,0.0,33.5,133.9,0.0,0,0.0,112,0,0,0,0.0,0.0,0.0,0.0,0,0.0,0,0,0.0,0.0,0.0,0,0,0,0,34017.2718075024,1102,0,0,0,0,0,0,0,0,0,0,1,0,0,0,0,0,0,0,0,0,0,0,0,0,0,0,0,0,0
195,12,12,0.0,1.833,-78.733,3.0,3,0.0,74,0,0,0,0.0,0.0,0.0,0.0,0,0.0,0,0,0.0,0.0,0.0,0,0,0,0,6624.16539269075,1146,0,0,1,0,0,0,0,0,0,0,0,0,0,0,0,0,0,0,0,0,0,0,0,0,0,0,0,0,0
339,10,28,0.0,34.8,139.0,0.0,0,0.0,426,0,0,0,0.0,0.0,0.0,0.0,0,0.0,0,0,0.0,0.0,0.0,0,0,0,0,34017.2718075024,1168,0,0,0,0,0,0,0,0,0,0,1,0,0,0,0,0,0,0,0,0,0,0,0,0,0,0,0,0,0
83,12,26,0.0,10.42168,51.26221,5.67,4,230.6,4982,0,0,0,0.0,0.0,0.0,0.0,0,0.0,0,0,0.0,0.0,0.0,0,0,0,0,592.103121972088,1212,0,0,0,0,0,0,0,0,0,0,0,0,0,0,0,0,0,0,0,0,0,0,1,0,0,0,0,0,0
259,10,30,0.0,33.0,131.0,0.0,0,0.0,172,0,0,0,0.0,0.0,0.0,0.0,0,0.0,0,0,0.0,0.0,0.0,0,0,0,0,34017.2718075024,1213,0,0,0,0,0,0,0,0,0,0,1,0,0,0,0,0,0,0,0,0,0,0,0,0,0,0,0,0,0
340,10,28,0.0,34.83,138.58,0.0,0,0.0,393,0,0,0,0.0,0.0,0.0,0.0,0,0.0,0,0,0.0,0.0,0.0,0,0,0,0,34017.2718075024,1343,0,0,0,0,0,0,0,0,0,0,1,0,0,0,0,0,0,0,0,0,0,0,0,0,0,0,0,0,0
258,12,20,0.0,33.0,135.6,0.0,0,0.0,0,19,1,4,0.0,0.0,8.1,8.1,0,8.1,8,20,6.6,2.7,2.5,304,0,0,3845,34017.2718075024,1451,0,0,0,0,0,0,0,0,0,0,1,0,0,0,0,0,0,0,0,0,0,0,0,0,0,0,0,0,0
40,6,2,0.0,-10.477,112.835,0.0,0,0.0,0,18,1,4,0.0,5.7,7.2,7.8,0,7.8,7,18,13.9,3.7,2.5,74,0,0,5385,4787.99930771921,1500,0,0,0,0,0,0,0,0,1,0,0,0,0,0,0,0,0,0,0,0,0,0,0,0,0,0,0,0,0
124,9,2,0.0,11.742,-87.34,0.0,0,0.0,0,0,1,4,0.0,5.3,7.2,7.7,0,7.7,7,45,9.9,3.3,2.8,78,6,2213,5335,2255.42599496242,1500,0,0,0,0,0,0,0,0,0,0,0,0,0,0,1,0,0,0,0,0,0,0,0,0,0,0,0,0,0
39,7,17,0.0,-9.254,107.411,0.0,0,0.0,0,8,1,4,0.0,6.1,7.2,7.7,0,7.7,7,34,20.9,0.0,0.0,196,0,0,7181,4787.99930771921,1623,0,0,0,0,0,0,0,0,1,0,0,0,0,0,0,0,0,0,0,0,0,0,0,0,0,0,0,0,0
395,3,2,0.0,39.03,141.75,23.0,5,0.0,249,0,0,0,0.0,0.0,0.0,0.0,0,0.0,0,0,0.0,0.0,0.0,0,0,0,0,34017.2718075024,1686,0,0,0,0,0,0,0,0,0,0,1,0,0,0,0,0,0,0,0,0,0,0,0,0,0,0,0,0,0
289,8,3,0.0,33.767,134.6,0.0,0,0.0,93,0,0,0,0.0,0.0,0.0,0.0,0,0.0,0,0,0.0,0.0,0.0,0,0,0,0,34017.2718075024,1700,0,0,0,0,0,0,0,0,0,0,1,0,0,0,0,0,0,0,0,0,0,0,0,0,0,0,0,0,0
251,8,3,0.0,33.0,135.0,0.0,0,0.0,0,0,1,4,0.0,0.0,8.4,0.0,0,8.4,8,0,0.0,4.0,3.0,6,0,0,556,34017.2718075024,1700,0,0,0,0,0,0,0,0,0,0,1,0,0,0,0,0,0,0,0,0,0,0,0,0,0,0,0,0,0
352,6,16,0.0,38.65,139.2,0.0,0,0.0,0,4,1,4,0.0,0.0,7.5,0.0,0,7.5,7,40,5.8,2.7,2.0,168,0,0,4322,34017.2718075024,1960,0,0,0,0,0,0,0,0,0,0,1,0,0,0,0,0,0,0,0,0,0,0,0,0,0,0,0,0,0
363,3,11,0.0,36.333,140.583,4.63,3,0.0,270,0,0,0,0.0,0.0,0.0,0.0,0,0.0,0,0,0.0,0.0,0.0,0,0,0,0,34017.2718075024,2000,0,0,0,0,0,0,0,0,0,0,1,0,0,0,0,0,0,0,0,0,0,0,0,0,0,0,0,0,0
87,6,23,0.0,-16.265,-73.641,0.0,0,0.0,0,20,1,4,0.0,6.7,8.2,8.4,0,8.4,8,33,8.8,0.0,0.0,143,0,0,5601,7125.82993135746,2000,0,0,0,0,0,0,0,0,0,0,0,0,0,0,0,0,1,0,0,0,0,0,0,0,0,0,0,0,0
229,10,28,0.0,34.083,136.2,0.0,0,0.0,147,0,0,0,0.0,0.0,0.0,0.0,0,0.0,0,0,0.0,0.0,0.0,0,0,0,0,34017.2718075024,2000,0,0,0,0,0,0,0,0,0,0,1,0,0,0,0,0,0,0,0,0,0,0,0,0,0,0,0,0,0
325,10,28,0.0,34.967,138.383,0.0,0,0.0,384,0,0,0,0.0,0.0,0.0,0.0,0,0.0,0,0,0.0,0.0,0.0,0,0,0,0,34017.2718075024,2002,0,0,0,0,0,0,0,0,0,0,1,0,0,0,0,0,0,0,0,0,0,0,0,0,0,0,0,0,0
305,10,28,0.0,33.55,133.55,0.0,0,0.0,122,0,0,0,0.0,0.0,0.0,0.0,0,0.0,0,0,0.0,0.0,0.0,0,0,0,0,34017.2718075024,2129,0,0,0,0,0,0,0,0,0,0,1,0,0,0,0,0,0,0,0,0,0,0,0,0,0,0,0,0,0
399,3,2,0.0,40.0,141.9,13.0,5,0.0,249,0,0,0,0.0,0.0,0.0,0.0,0,0.0,0,0,0.0,0.0,0.0,0,0,0,0,34017.2718075024,2229,0,0,0,0,0,0,0,0,0,0,1,0,0,0,0,0,0,0,0,0,0,0,0,0,0,0,0,0,0
356,7,12,0.0,42.851,139.197,0.0,0,0.0,0,13,1,4,0.0,6.6,7.6,7.7,0,7.7,7,17,32.0,5.0,3.1,190,20,2219,5357,34017.2718075024,2374,0,0,0,0,0,0,0,0,0,0,1,0,0,0,0,0,0,0,0,0,0,0,0,0,0,0,0,0,0
293,10,30,0.0,31.7,132.0,0.0,0,0.0,0,14,1,4,0.0,0.0,7.6,0.0,0,7.6,7,0,1.0,2.0,2.5,3,0,0,5975,34017.2718075024,2500,0,0,0,0,0,0,0,0,0,0,1,0,0,0,0,0,0,0,0,0,0,0,0,0,0,0,0,0,0
72,4,1,0.0,-8.46,157.044,0.0,0,0.0,0,20,1,4,0.0,6.8,7.9,8.1,0,8.1,8,10,12.1,0.0,0.0,224,8,3037,7457,2205.25180509148,2500,0,0,0,0,0,0,0,0,0,0,0,0,0,0,0,0,0,0,0,0,0,1,0,0,0,0,0,0,0
283,12,24,0.0,33.59,133.55,28.0,5,0.0,145,0,0,0,0.0,0.0,0.0,0.0,0,0.0,0,0,0.0,0.0,0.0,0,0,0,0,34017.2718075024,2947,0,0,0,0,0,0,0,0,0,0,1,0,0,0,0,0,0,0,0,0,0,0,0,0,0,0,0,0,0
165,1,24,0.0,-2.4,126.1,0.0,0,0.0,0,0,1,4,0.0,0.0,7.6,0.0,0,7.6,7,6,0.0,2.0,2.0,4,0,0,4334,4787.99930771921,3000,0,0,0,0,0,0,0,0,1,0,0,0,0,0,0,0,0,0,0,0,0,0,0,0,0,0,0,0,0
296,6,16,0.0,34.8,131.8,0.0,0,0.0,0,0,1,3,0.0,0.0,7.5,0.0,0,7.5,7,0,10.0,3.3,3.0,2,0,0,5902,34017.2718075024,3000,0,0,0,0,0,0,0,0,0,0,1,0,0,0,0,0,0,0,0,0,0,0,0,0,0,0,0,0,0
257,12,7,0.0,34.0,137.1,0.0,0,0.0,0,4,1,4,0.0,0.0,8.0,8.1,0,8.1,8,30,10.0,2.9,2.5,156,0,0,3791,34017.2718075024,3059,0,0,0,0,0,0,0,0,0,0,1,0,0,0,0,0,0,0,0,0,0,0,0,0,0,0,0,0,0
110,4,24,0.0,24.0,124.3,0.0,0,0.0,0,0,1,4,0.0,0.0,7.4,0.0,0,7.4,7,0,85.4,6.4,3.0,34,0,0,1405,34017.2718075024,3237,0,0,0,0,0,0,0,0,0,0,1,0,0,0,0,0,0,0,0,0,0,0,0,0,0,0,0,0,0
93,4,24,0.0,24.35,124.217,85.4,5,0.0,40,0,0,0,0.0,0.0,0.0,0.0,0,0.0,0,0,0.0,0.0,0.0,0,0,0,0,34017.2718075024,3237,0,0,0,0,0,0,0,0,0,0,1,0,0,0,0,0,0,0,0,0,0,0,0,0,0,0,0,0,0
303,12,24,0.0,33.2,133.2,0.0,0,0.0,168,0,0,0,0.0,0.0,0.0,0.0,0,0.0,0,0,0.0,0.0,0.0,0,0,0,0,34017.2718075024,3370,0,0,0,0,0,0,0,0,0,0,1,0,0,0,0,0,0,0,0,0,0,0,0,0,0,0,0,0,0
397,3,11,0.0,39.017,141.75,24.0,5,0.0,97,0,0,0,0.0,0.0,0.0,0.0,0,0.0,0,0,0.0,0.0,0.0,0,0,0,0,34017.2718075024,3498,0,0,0,0,0,0,0,0,0,0,1,0,0,0,0,0,0,0,0,0,0,0,0,0,0,0,0,0,0
355,5,26,0.0,40.462,139.102,0.0,0,0.0,0,2,1,4,0.0,6.8,7.7,7.8,0,7.8,7,24,14.93,3.9,2.0,227,3,2142,4978,34017.2718075024,3513,0,0,0,0,0,0,0,0,0,0,1,0,0,0,0,0,0,0,0,0,0,0,0,0,0,0,0,0,0
391,3,11,0.0,39.0203,141.6542,19.0,5,0.0,102,0,0,0,0.0,0.0,0.0,0.0,0,0.0,0,0,0.0,0.0,0.0,0,0,0,0,34017.2718075024,3600,0,0,0,0,0,0,0,0,0,0,1,0,0,0,0,0,0,0,0,0,0,0,0,0,0,0,0,0,0
24,7,17,0.0,-7.68,108.6,0.0,0,0.0,219,0,0,0,0.0,0.0,0.0,0.0,0,0.0,0,0,0.0,0.0,0.0,0,0,0,0,4787.99930771921,3600,0,0,0,0,0,0,0,0,1,0,0,0,0,0,0,0,0,0,0,0,0,0,0,0,0,0,0,0,0
108,11,14,0.0,13.525,121.067,0.0,0,0.0,0,19,1,4,0.0,6.1,7.1,7.1,0,7.1,7,32,7.3,2.9,2.1,56,0,0,5394,3498.5098055874,4085,0,0,0,0,0,0,0,0,0,0,0,0,0,0,0,0,0,1,0,0,0,0,0,0,0,0,0,0,0
427,3,2,0.0,39.65,141.983,3.6,3,0.0,232,0,0,0,0.0,0.0,0.0,0.0,0,0.0,0,0,0.0,0.0,0.0,0,0,0,0,34017.2718075024,4615,0,0,0,0,0,0,0,0,0,0,1,0,0,0,0,0,0,0,0,0,0,0,0,0,0,0,0,0,0
323,6,15,0.0,38.5,141.0,0.0,0,0.0,282,0,0,0,0.0,0.0,0.0,0.0,0,0.0,0,0,0.0,0.0,0.0,0,0,0,0,34017.2718075024,5549,0,0,0,0,0,0,0,0,0,0,1,0,0,0,0,0,0,0,0,0,0,0,0,0,0,0,0,0,0
327,5,20,0.0,37.1833,138.25,2.0,3,0.0,13,0,0,0,0.0,0.0,0.0,0.0,0,0.0,0,0,0.0,0.0,0.0,0,0,0,0,34017.2718075024,5800,0,0,0,0,0,0,0,0,0,0,1,0,0,0,0,0,0,0,0,0,0,0,0,0,0,0,0,0,0
396,6,15,0.0,39.5,141.8,0.0,0,0.0,189,0,0,0,0.0,0.0,0.0,0.0,0,0.0,0,0,0.0,0.0,0.0,0,0,0,0,34017.2718075024,5976,0,0,0,0,0,0,0,0,0,0,1,0,0,0,0,0,0,0,0,0,0,0,0,0,0,0,0,0,0
34,7,17,0.0,-7.6833,108.65,5.0,4,0.0,222,0,0,0,0.0,0.0,0.0,0.0,0,0.0,0,0,0.0,0.0,0.0,0,0,0,0,4787.99930771921,6000,0,0,0,0,0,0,0,0,1,0,0,0,0,0,0,0,0,0,0,0,0,0,0,0,0,0,0,0,0
419,3,2,0.0,39.224,144.622,0.0,0,0.0,0,17,1,4,0.0,0.0,8.5,8.4,0,8.4,8,35,29.0,4.9,3.5,295,0,0,3512,34017.2718075024,6000,0,0,0,0,0,0,0,0,0,0,1,0,0,0,0,0,0,0,0,0,0,0,0,0,0,0,0,0,0
297,5,21,0.0,32.75,130.3,0.0,0,0.0,0,0,6,4,0.0,0.0,6.4,0.0,0,6.4,6,0,55.0,3.5,3.0,28,0,0,1515,34017.2718075024,6200,0,0,0,0,0,0,0,0,0,0,1,0,0,0,0,0,0,0,0,0,0,0,0,0,0,0,0,0,0
380,3,8,0.0,40.9,140.7,0.0,0,0.0,0,0,1,4,0.0,0.0,6.9,0.0,0,6.9,6,0,0.0,-0.1,1.0,3,0,0,1378,34017.2718075024,8200,0,0,0,0,0,0,0,0,0,0,1,0,0,0,0,0,0,0,0,0,0,0,0,0,0,0,0,0,0
252,12,23,0.0,34.0,137.9,0.0,0,0.0,0,0,1,4,0.0,0.0,0.0,0.0,8,8.3,8,0,21.0,4.0,3.0,72,0,0,1969,34017.2718075024,8300,0,0,0,0,0,0,0,0,0,0,1,0,0,0,0,0,0,0,0,0,0,0,0,0,0,0,0,0,0
